no,dev-id,alias,channel,mac_address,alias_info
74,ATK00162A8139A3,"JuiceTV, 3.58.300 GOTV, Juice Nano, COP APL|Studio Rancang",GOTV-Basic Lokal & International,00:16:2A:81:39:A3,COP APL|Studio Rancang
73,ATK00162A8139B0,"JuiceTV, 3.83.0 GOTV, Juice Nano, Nusanet 1",GOTV-Basic Lokal & International,00:16:2a:81:39:b0,Nusanet 1
26,ATK00162A8367E7,"JuiceTV, 4.51.0 GOTV, Antik Nano 3, Stock stb from ibs ancol",GOTV-Basic Lokal & International,00:16:2a:83:67:e7,Stock stb from ibs ancol
149,ATK00162A83666A,"JuiceTV, 4.51.0 GOTV, Antik Nano 3, Menara Astra - AI Public Area 1 - 60",11,00:16:2a:83:66:6a,Menara Astra - AI Public Area 1 - 60
147,ATK00162A836694,"JuiceTV, 4.51.0 GOTV, Antik Nano 3, Menara Astra - AI 61",11,00:16:2a:83:66:94,Menara Astra - AI 61
150,ATK00162A83C4F7,"JuiceTV, 4.51.0 GOTV, Antik Nano 3",5,00:16:2a:83:c4:f7,
148,ATK00162A836697,"JuiceTV, 4.51.0 GOTV, Antik Nano 3, BM AIA",GOTV-Basic Lokal & International,00:16:2a:83:66:97,BM AIA
221,ATK00162A8367B9,"JuiceTV, 4.51.0 GOTV, Antik Nano 3, Stock stb from ibs ancol",GOTV-Basic Lokal & International,00:16:2a:83:67:b9,Stock stb from ibs ancol
146,ATK00162A836695,"JuiceTV, 4.51.0 GOTV, Antik Nano 3, Cifo Bandung",GOTV-Basic Lokal & International,00:16:2a:83:66:95,Cifo Bandung
374,ATK00162A83C490,"JuiceTV, 4.51.0 GOTV, Antik Nano 3, IBS Jambuluwuk | 510",5,00:16:2a:83:c4:90,IBS Jambuluwuk | 510
321,ATK00162A836475,"JuiceTV, 4.51.0 GOTV, Antik Nano 3, Stock stb from ibs ancol",GOTV-Basic Lokal & International,00:16:2a:83:64:75,Stock stb from ibs ancol
250,ATK00162A8364D5,"JuiceTV, 4.51.0 GOTV, Antik Nano 3, IBS P. Bidadari",Provisioning,00:16:2a:83:64:d5,IBS P. Bidadari
72,ATK00162A83681E,"JuiceTV, 4.51.0 GOTV, Antik Nano 3, Menara Astra United Tractors 57",11,00:16:2a:83:68:1e,Menara Astra United Tractors 57
373,ATK00162A83C48E,"JuiceTV, 4.51.0 GOTV, Antik Nano 3, IBS Jambuluwuk",5,00:16:2a:83:c4:8e,IBS Jambuluwuk
347,ATK00162A840782,"JuiceTV, 4.51.0 GOTV, Antik Nano 3, Gasnet Urbano 12/21",Provisioning,00:16:2a:84:07:82,Gasnet Urbano 12/21
372,ATK00162A83C495,"JuiceTV, 4.51.0 GOTV, Antik Nano 3",5,00:16:2a:83:c4:95,
396,ATK00162A840A69,"JuiceTV, 4.51.0 GOTV, Antik Nano 3, Menara Astra 62-Angsana Meeting Room",11,00:16:2a:84:0a:69,Menara Astra 62-Angsana Meeting Room
395,ATK00162A8408EC,"JuiceTV, 4.51.0 GOTV, Antik Nano 3, Menara Astra 63-Dining Room",11,00:16:2a:84:08:ec,Menara Astra 63-Dining Room
398,ATK00162A840A76,"JuiceTV, 4.51.0 GOTV, Antik Nano 3, Menara Astra Gim 58 - AI",11,00:16:2a:84:0a:76,Menara Astra Gim 58 - AI
400,ATK00162A8365CA,"JuiceTV, 4.51.0 GOTV, Antik Nano 3, Stock stb from ibs ancol",GOTV-Basic Lokal & International,00:16:2a:83:65:ca,Stock stb from ibs ancol
394,ATK00162A840922,"JuiceTV, 4.51.0 GOTV, Antik Nano 3, Menara Astra 63-Skylounge",11,00:16:2a:84:09:22,Menara Astra 63-Skylounge
448,ATK00162A840A5D,"JuiceTV, 4.51.0 GOTV, Antik Nano 3, Cifo Bandung",GOTV-Basic Lokal & International,00:16:2a:84:0a:5d,Cifo Bandung
199,ATK00162A836451,"JuiceTV, 4.51.0 GOTV, Antik Nano 3, Stock stb from ibs ancol",GOTV-Basic Lokal & International,00:16:2a:83:64:51,Stock stb from ibs ancol
393,ATK00162A8408D9,"JuiceTV, 4.51.0 GOTV, Antik Nano 3, Menara Astra Publik 58 - AI",11,00:16:2a:84:08:d9,Menara Astra Publik 58 - AI
397,ATK00162A840A1D,"JuiceTV, 4.51.0 GOTV, Antik Nano 3, Menara Astra- AI 62 Lounge Room",11,00:16:2a:84:0a:1d,Menara Astra- AI 62 Lounge Room
447,ATK00162A840895,"JuiceTV, 4.51.0 GOTV, Antik Nano 3, Gasnet Urbano 16/20",GOTV-Basic Lokal & International,00:16:2a:84:08:95,Gasnet Urbano 16/20
442,ATK00162A84087B,"JuiceTV, 4.51.0 GOTV, Antik Nano 3, Gasnet Urbano 16/16",GOTV-Basic Lokal & International,00:16:2a:84:08:7b,Gasnet Urbano 16/16
449,ATK00162A840A75,"JuiceTV, 4.51.0 GOTV, Antik Nano 3, Cifo Bandung",GOTV-Basic Lokal & International,00:16:2a:84:0a:75,Cifo Bandung
399,ATK00162A840A6B,"JuiceTV, 4.51.0 GOTV, Antik Nano 3, Menara Astra-AI 61 Akasia Room",11,00:16:2a:84:0a:6b,Menara Astra-AI 61 Akasia Room
445,ATK00162A84089F,"JuiceTV, 4.51.0 GOTV, Antik Nano 3, Gasnet Urbano 16/17",GOTV-Basic Lokal & International,00:16:2a:84:08:9f,Gasnet Urbano 16/17
443,ATK00162A8407DD,"JuiceTV, 4.51.0 GOTV, Antik Nano 3, Gasnet Urbano 15-15",GOTV-Basic Lokal & International,00:16:2a:84:07:dd,Gasnet Urbano 15-15
439,ATK00162A840869,"JuiceTV, 4.51.0 GOTV, Antik Nano 3, Gasnet Urbano 17/06",GOTV-Basic Lokal & International,00:16:2a:84:08:69,Gasnet Urbano 17/06
446,ATK00162A840896,"JuiceTV, 4.51.0 GOTV, Antik Nano 3, Gasnet Urbano 16/31",GOTV-Basic Lokal & International,00:16:2a:84:08:96,Gasnet Urbano 16/31
435,ATK00162A84081B,"JuiceTV, 4.51.0 GOTV, Antik Nano 3, Gasnet Urbano 17/02",Provisioning,00:16:2a:84:08:1b,Gasnet Urbano 17/02
438,ATK00162A8407DB,"JuiceTV, 4.51.0 GOTV, Antik Nano 3, Gasnet Urbano 15-9",GOTV-Basic Lokal & International,00:16:2a:84:07:db,Gasnet Urbano 15-9
434,ATK00162A840A91,"JuiceTV, 4.51.0 GOTV, Antik Nano 3, Gasnet Urbano 15/21",Provisioning,00:16:2a:84:0a:91,Gasnet Urbano 15/21
441,ATK00162A84087D,"JuiceTV, 4.51.0 GOTV, Antik Nano 3, Gasnet Urbano 16/10",GOTV-Basic Lokal & International,00:16:2a:84:08:7d,Gasnet Urbano 16/10
433,ATK00162A840819,"JuiceTV, 4.51.0 GOTV, Antik Nano 3, Gasnet Urbano",Provisioning,00:16:2a:84:08:19,Gasnet Urbano
430,ATK00162A840A93,"JuiceTV, 4.51.0 GOTV, Antik Nano 3, Gasnet Urbano 15/20",Provisioning,00:16:2a:84:0a:93,Gasnet Urbano 15/20
432,ATK00162A840A92,"JuiceTV, 4.51.0 GOTV, Antik Nano 3, Gasnet Urbano 15-12",Provisioning,00:16:2a:84:0a:92,Gasnet Urbano 15-12
444,ATK00162A8407E2,"JuiceTV, 4.51.0 GOTV, Antik Nano 3, Gasnet Urbano 15/31",GOTV-Basic Lokal & International,00:16:2a:84:07:e2,Gasnet Urbano 15/31
428,ATK00162A840A90,"JuiceTV, 4.51.0 GOTV, Antik Nano 3, Gasnet Urbano",Provisioning,00:16:2a:84:0a:90,Gasnet Urbano
429,ATK00162A840A7D,"JuiceTV, 4.51.0 GOTV, Antik Nano 3",GOTV-Basic Lokal & International,00:16:2a:84:0a:7d,
427,ATK00162A8407D0,"JuiceTV, 4.51.0 GOTV, Antik Nano 3, Gasnet urbano 15/32",Provisioning,00:16:2a:84:07:d0,Gasnet urbano 15/32
426,ATK00162A8407A7,"JuiceTV, 4.51.0 GOTV, Antik Nano 3, Gasnet Urbano",Provisioning,00:16:2a:84:07:a7,Gasnet Urbano
440,ATK00162A8407E0,"JuiceTV, 4.51.0 GOTV, Antik Nano 3, Gasnet Urbano 15/23",GOTV-Basic Lokal & International,00:16:2a:84:07:e0,Gasnet Urbano 15/23
424,ATK00162A836802,"JuiceTV, 4.51.0 GOTV, Antik Nano 3, Stock stb from ibs ancol",GOTV-Basic Lokal & International,00:16:2a:83:68:02,Stock stb from ibs ancol
436,ATK00162A8407D7,"JuiceTV, 4.51.0 GOTV, Antik Nano 3, Gasnet Urbano 15/19",Provisioning,00:16:2a:84:07:d7,Gasnet Urbano 15/19
431,ATK00162A84081A,"JuiceTV, 4.51.0 GOTV, Antik Nano 3, Gasnet Urbano Unit 3205",Provisioning,00:16:2a:84:08:1a,Gasnet Urbano Unit 3205
420,ATK00162A836495,"JuiceTV, 4.51.0 GOTV, Antik Nano 3, Menara Astra - AI",11,00:16:2a:83:64:95,Menara Astra - AI
425,ATK00162A836499,"JuiceTV, 4.51.0 GOTV, Antik Nano 3, Stock stb from ibs ancol",GOTV-Basic Lokal & International,00:16:2a:83:64:99,Stock stb from ibs ancol
437,ATK00162A84081C,"JuiceTV, 4.51.0 GOTV, Antik Nano 3, Gasnet Urbano",GOTV-Basic Lokal & International,00:16:2a:84:08:1c,Gasnet Urbano
422,ATK00162A836496,"JuiceTV, 4.51.0 GOTV, Antik Nano 3, Cifo Bandung",GOTV-Basic Lokal & International,00:16:2a:83:64:96,Cifo Bandung
423,ATK00162A836494,"JuiceTV, 4.51.0 GOTV, Antik Nano 3, COP K-Link|Extract Coffe",GOTV-Basic Lokal & International,00:16:2a:83:64:94,COP K-Link|Extract Coffe
415,ATK00162A836525,"JuiceTV, 4.51.0 GOTV, Antik Nano 3, Stock stb from ibs ancol",GOTV-Basic Lokal & International,00:16:2a:83:65:25,Stock stb from ibs ancol
416,ATK00162A836521,"JuiceTV, 4.51.0 GOTV, Antik Nano 3, Stock stb from ibs ancol",GOTV-Basic Lokal & International,00:16:2a:83:65:21,Stock stb from ibs ancol
414,ATK00162A8364F9,"JuiceTV, 4.51.0 GOTV, Antik Nano 3, Stock stb from ibs ancol",GOTV-Basic Lokal & International,00:16:2a:83:64:f9,Stock stb from ibs ancol
417,ATK00162A836522,"JuiceTV, 4.51.0 GOTV, Antik Nano 3, Stock stb from ibs ancol",GOTV-Basic Lokal & International,00:16:2a:83:65:22,Stock stb from ibs ancol
421,ATK00162A836497,"JuiceTV, 4.51.0 GOTV, Antik Nano 3, WNI, NHK Hitachi TV",12,00:16:2a:83:64:97,"WNI, NHK Hitachi TV"
413,ATK00162A8407A9,"JuiceTV, 4.51.0 GOTV, Antik Nano 3, Gasnet Urbano",Provisioning,00:16:2a:84:07:a9,Gasnet Urbano
418,ATK00162A836523,"JuiceTV, 4.51.0 GOTV, Antik Nano 3, Stock stb from ibs ancol",GOTV-Basic Lokal & International,00:16:2a:83:65:23,Stock stb from ibs ancol
409,ATK00162A8364FB,"JuiceTV, 4.51.0 GOTV, Antik Nano 3, Stock stb from ibs ancol",GOTV-Basic Lokal & International,00:16:2a:83:64:fb,Stock stb from ibs ancol
406,ATK00162A8365E8,"JuiceTV, 4.51.0 GOTV, Antik Nano 3, Stock stb from ibs ancol",GOTV-Basic Lokal & International,00:16:2a:83:65:e8,Stock stb from ibs ancol
407,ATK00162A8364FC,"JuiceTV, 4.51.0 GOTV, Antik Nano 3, Stock stb from ibs ancol",GOTV-Basic Lokal & International,00:16:2a:83:64:fc,Stock stb from ibs ancol
412,ATK00162A8364FA,"JuiceTV, 4.51.0 GOTV, Antik Nano 3, Stock stb from ibs ancol",GOTV-Basic Lokal & International,00:16:2a:83:64:fa,Stock stb from ibs ancol
411,ATK00162A836619,"JuiceTV, 4.51.0 GOTV, Antik Nano 3, Stock stb from ibs ancol",GOTV-Basic Lokal & International,00:16:2a:83:66:19,Stock stb from ibs ancol
405,ATK00162A8364FD,"JuiceTV, 4.51.0 GOTV, Antik Nano 3, Stock stb from ibs ancol",GOTV-Basic Lokal & International,00:16:2a:83:64:fd,Stock stb from ibs ancol
403,ATK00162A8365D2,"JuiceTV, 4.51.0 GOTV, Antik Nano 3, Stock stb from ibs ancol",GOTV-Basic Lokal & International,00:16:2a:83:65:d2,Stock stb from ibs ancol
404,ATK00162A8365E7,"JuiceTV, 4.51.0 GOTV, Antik Nano 3, Stock stb from ibs ancol",GOTV-Basic Lokal & International,00:16:2a:83:65:e7,Stock stb from ibs ancol
408,ATK00162A836617,"JuiceTV, 4.51.0 GOTV, Antik Nano 3, Stock stb from ibs ancol",GOTV-Basic Lokal & International,00:16:2a:83:66:17,Stock stb from ibs ancol
392,ATK00162A8408D8,"JuiceTV, 4.51.0 GOTV, Antik Nano 3, Menara Astra 63-waiting room",11,00:16:2a:84:08:d8,Menara Astra 63-waiting room
410,ATK00162A836616,"JuiceTV, 4.51.0 GOTV, Antik Nano 3, Stock stb from ibs ancol",GOTV-Basic Lokal & International,00:16:2a:83:66:16,Stock stb from ibs ancol
402,ATK00162A8365D5,"JuiceTV, 4.51.0 GOTV, Antik Nano 3, TIS Kelapa Gading",GOTV-Basic Lokal & International,00:16:2a:83:65:d5,TIS Kelapa Gading
401,ATK00162A8365E5,"JuiceTV, 4.51.0 GOTV, Antik Nano 3, Stock stb from ibs ancol",GOTV-Basic Lokal & International,00:16:2a:83:65:e5,Stock stb from ibs ancol
388,ATK00162A840878,"JuiceTV, 4.51.0 GOTV, Antik Nano 3, Cifo Bandung",GOTV-Basic Lokal & International,00:16:2a:84:08:78,Cifo Bandung
419,ATK00162A836524,"JuiceTV, 4.51.0 GOTV, Antik Nano 3, Stock stb from ibs ancol",GOTV-Basic Lokal & International,00:16:2a:83:65:24,Stock stb from ibs ancol
390,ATK00162A8407F1,"JuiceTV, 4.51.0 GOTV, Antik Nano 3, Menara Astra Publik 59 - AI",11,00:16:2a:84:07:f1,Menara Astra Publik 59 - AI
384,ATK00162A840A32,"JuiceTV, 4.51.0 GOTV, Antik Nano 3, Menara Astra -FM",11,00:16:2a:84:0a:32,Menara Astra -FM
391,ATK00162A8407F5,"JuiceTV, 4.51.0 GOTV, Antik Nano 3, Menara Astra 63-Sinergi Room",11,00:16:2a:84:07:f5,Menara Astra 63-Sinergi Room
385,ATK00162A840A53,"JuiceTV, 4.51.0 GOTV, Antik Nano 3, Menara Astra - 62 Presdir",11,00:16:2a:84:0a:53,Menara Astra - 62 Presdir
383,ATK00162A840A15,"JuiceTV, 4.51.0 GOTV, Antik Nano 3, Cifo Bandung",GOTV-Basic Lokal & International,00:16:2a:84:0a:15,Cifo Bandung
382,ATK00162A840A49,"JuiceTV, 4.51.0 GOTV, Antik Nano 3, Menara Astra-63 perpus",11,00:16:2a:84:0a:49,Menara Astra-63 perpus
381,ATK00162A8408EA,"JuiceTV, 4.51.0 GOTV, Antik Nano 3, Cifo Bandung",GOTV-Basic Lokal & International,00:16:2a:84:08:ea,Cifo Bandung
386,ATK00162A8408A3,"JuiceTV, 4.51.0 GOTV, Antik Nano 3, Cifo Bandung",GOTV-Basic Lokal & International,00:16:2a:84:08:a3,Cifo Bandung
376,ATK00162A8408E9,"JuiceTV, 4.51.0 GOTV, Antik Nano 3, Cifo Bandung",GOTV-Basic Lokal & International,00:16:2a:84:08:e9,Cifo Bandung
387,ATK00162A8408A2,"JuiceTV, 4.51.0 GOTV, Antik Nano 3, Cifo Bandung",GOTV-Basic Lokal & International,00:16:2a:84:08:a2,Cifo Bandung
380,ATK00162A8408A1,"JuiceTV, 4.51.0 GOTV, Antik Nano 3, Cifo Bandung",GOTV-Basic Lokal & International,00:16:2a:84:08:a1,Cifo Bandung
375,ATK00162A8408E7,"JuiceTV, 4.51.0 GOTV, Antik Nano 3, Cifo Bandung",GOTV-Basic Lokal & International,00:16:2a:84:08:e7,Cifo Bandung
370,ATK00162A83C48A,"JuiceTV, 4.51.0 GOTV, Antik Nano 3",5,00:16:2a:83:c4:8a,
378,ATK00162A8408AF,"JuiceTV, 4.51.0 GOTV, Antik Nano 3, Cifo Bandung",GOTV-Basic Lokal & International,00:16:2a:84:08:af,Cifo Bandung
379,ATK00162A840876,"JuiceTV, 4.51.0 GOTV, Antik Nano 3, Menara Astra-63 Gim",11,00:16:2a:84:08:76,Menara Astra-63 Gim
377,ATK00162A8408E6,"JuiceTV, 4.51.0 GOTV, Antik Nano 3, Menara Astra-60 Publik",11,00:16:2a:84:08:e6,Menara Astra-60 Publik
369,ATK00162A83C98E,"JuiceTV, 4.51.0 GOTV, Antik Nano 3",5,00:16:2a:83:c9:8e,
368,ATK00162A83C939,"JuiceTV, 4.51.0 GOTV, Antik Nano 3",5,00:16:2a:83:c9:39,
367,ATK00162A83C856,"JuiceTV, 4.51.0 GOTV, Antik Nano 3, IBS Jambuluwuk",5,00:16:2a:83:c8:56,IBS Jambuluwuk
366,ATK00162A83C7F1,"JuiceTV, 4.51.0 GOTV, Antik Nano 3",5,00:16:2a:83:c7:f1,
360,ATK00162A83D198,"JuiceTV, 4.51.0 GOTV, Antik Nano 3, 610",5,00:16:2a:83:d1:98,610
362,ATK00162A83D252,"JuiceTV, 4.51.0 GOTV, Antik Nano 3",5,00:16:2a:83:d2:52,
363,ATK00162A83D269,"JuiceTV, 4.51.0 GOTV, Antik Nano 3",5,00:16:2a:83:d2:69,
359,ATK00162A836777,"JuiceTV, 4.51.0 GOTV, Antik Nano 3, Stock stb from ibs ancol",GOTV-Basic Lokal & International,00:16:2a:83:67:77,Stock stb from ibs ancol
389,ATK00162A840921,"JuiceTV, 4.51.0 GOTV, Antik Nano 3, Menara Astra Dirut Marubeni",11,00:16:2a:84:09:21,Menara Astra Dirut Marubeni
364,ATK00162A83D263,"JuiceTV, 4.51.0 GOTV, Antik Nano 3, IBS Jambuluwuk",5,00:16:2a:83:d2:63,IBS Jambuluwuk
358,ATK00162A836776,"JuiceTV, 4.51.0 GOTV, Antik Nano 3, Stock stb from ibs ancol",GOTV-Basic Lokal & International,00:16:2a:83:67:76,Stock stb from ibs ancol
353,ATK00162A8408B9,"JuiceTV, 4.51.0 GOTV, Antik Nano 3, Menara Astra-AI 61 Deputi Direktur 1",11,00:16:2a:84:08:b9,Menara Astra-AI 61 Deputi Direktur 1
356,ATK00162A84090A,"JuiceTV, 4.51.0 GOTV, Antik Nano 3, Menara Astra-AI 61 Trembesi Waiting R",11,00:16:2a:84:09:0a,Menara Astra-AI 61 Trembesi Waiting R
352,ATK00162A8407EF,"JuiceTV, 4.51.0 GOTV, Antik Nano 3, Menara Astra Publik 60 - AI",11,00:16:2a:84:07:ef,Menara Astra Publik 60 - AI
371,ATK00162A83C48D,"JuiceTV, 4.51.0 GOTV, Antik Nano 3, IBS Jambuluwuk",5,00:16:2a:83:c4:8d,IBS Jambuluwuk
351,ATK00162A8407F2,"JuiceTV, 4.51.0 GOTV, Antik Nano 3, Menara Astra-AI 61 Deputi Direktur 2",11,00:16:2a:84:07:f2,Menara Astra-AI 61 Deputi Direktur 2
355,ATK00162A8408E1,"JuiceTV, 4.51.0 GOTV, Antik Nano 3, Menara Astra-AI 61  Dining Room",11,00:16:2a:84:08:e1,Menara Astra-AI 61  Dining Room
350,ATK00162A8407F3,"JuiceTV, 4.51.0 GOTV, Antik Nano 3, Menara Astra-AI 61 Deputi Direktur 3",11,00:16:2a:84:07:f3,Menara Astra-AI 61 Deputi Direktur 3
357,ATK00162A8367E9,"JuiceTV, 4.51.0 GOTV, Antik Nano 3, Stock stb from ibs ancol",GOTV-Basic Lokal & International,00:16:2a:83:67:e9,Stock stb from ibs ancol
349,ATK00162A8407A8,"JuiceTV, 4.51.0 GOTV, Antik Nano 3, Gasnet Urbano 17/10",Provisioning,00:16:2a:84:07:a8,Gasnet Urbano 17/10
354,ATK00162A8408DB,"JuiceTV, 4.51.0 GOTV, Antik Nano 3, Menara Astra Gim 58 - AI",11,00:16:2a:84:08:db,Menara Astra Gim 58 - AI
361,ATK00162A83CFCF,"JuiceTV, 4.51.0 GOTV, Antik Nano 3, 609",5,00:16:2a:83:cf:cf,609
348,ATK00162A8407BF,"JuiceTV, 4.51.0 GOTV, Antik Nano 3, Gasnet Urbano 17/07",Provisioning,00:16:2a:84:07:bf,Gasnet Urbano 17/07
344,ATK00162A840785,"JuiceTV, 4.51.0 GOTV, Antik Nano 3",GOTV-Basic Lokal & International,00:16:2a:84:07:85,
342,ATK00162A840924,"JuiceTV, 4.51.0 GOTV, Antik Nano 3, Gasnet Urbano 16/11",Provisioning,00:16:2a:84:09:24,Gasnet Urbano 16/11
346,ATK00162A840781,"JuiceTV, 4.51.0 GOTV, Antik Nano 3, Gasnet Urbano 12/18",Provisioning,00:16:2a:84:07:81,Gasnet Urbano 12/18
345,ATK00162A84077E,"JuiceTV, 4.51.0 GOTV, Antik Nano 3, Gasnet Urbano 12/12",Provisioning,00:16:2a:84:07:7e,Gasnet Urbano 12/12
340,ATK00162A840892,"JuiceTV, 4.51.0 GOTV, Antik Nano 3, Gasnet Urbano 16/25",Provisioning,00:16:2a:84:08:92,Gasnet Urbano 16/25
337,ATK00162A840928,"JuiceTV, 4.51.0 GOTV, Antik Nano 3, Gasnet Urbano 16/06",Provisioning,00:16:2a:84:09:28,Gasnet Urbano 16/06
336,ATK00162A840851,"JuiceTV, 4.51.0 GOTV, Antik Nano 3, Gasnet Urbano",Provisioning,00:16:2a:84:08:51,Gasnet Urbano
338,ATK00162A840927,"JuiceTV, 4.51.0 GOTV, Antik Nano 3, Gasnet Urbano 16/07",Provisioning,00:16:2a:84:09:27,Gasnet Urbano 16/07
335,ATK00162A8408E5,"JuiceTV, 4.51.0 GOTV, Antik Nano 3, Gasnet Urbano 16/32",Provisioning,00:16:2a:84:08:e5,Gasnet Urbano 16/32
334,ATK00162A840841,"JuiceTV, 4.51.0 GOTV, Antik Nano 3, Gasnet Urbano 12/31",Provisioning,00:16:2a:84:08:41,Gasnet Urbano 12/31
333,ATK00162A840845,"JuiceTV, 4.51.0 GOTV, Antik Nano 3, Gasnet Urbano 15/03",Provisioning,00:16:2a:84:08:45,Gasnet Urbano 15/03
330,ATK00162A84093E,"JuiceTV, 4.51.0 GOTV, Antik Nano 3, Gasnet Urbano 16/03",Provisioning,00:16:2a:84:09:3e,Gasnet Urbano 16/03
332,ATK00162A840940,"JuiceTV, 4.51.0 GOTV, Antik Nano 3, Gasnet Urbano 16/28",Provisioning,00:16:2a:84:09:40,Gasnet Urbano 16/28
329,ATK00162A840944,"JuiceTV, 4.51.0 GOTV, Antik Nano 3, Gasnet Urbano 16/26",Provisioning,00:16:2a:84:09:44,Gasnet Urbano 16/26
341,ATK00162A840854,"JuiceTV, 4.51.0 GOTV, Antik Nano 3, Gasnet urbano 15/05",Provisioning,00:16:2a:84:08:54,Gasnet urbano 15/05
339,ATK00162A84083F,"JuiceTV, 4.51.0 GOTV, Antik Nano 3, Gasnet Urbano 17/03",Provisioning,00:16:2a:84:08:3f,Gasnet Urbano 17/03
325,ATK00162A8407AE,"JuiceTV, 4.51.0 GOTV, Antik Nano 3, Gasnet Urbano 12/28",Provisioning,00:16:2a:84:07:ae,Gasnet Urbano 12/28
331,ATK00162A84093F,"JuiceTV, 4.51.0 GOTV, Antik Nano 3, Gasnet Urbano 16/02",Provisioning,00:16:2a:84:09:3f,Gasnet Urbano 16/02
326,ATK00162A8407C0,"JuiceTV, 4.51.0 GOTV, Antik Nano 3, Gasnet Urbano 12/03",Provisioning,00:16:2a:84:07:c0,Gasnet Urbano 12/03
322,ATK00162A836661,"JuiceTV, 4.51.0 GOTV, Antik Nano 3, Stock stb from ibs ancol",GOTV-Basic Lokal & International,00:16:2a:83:66:61,Stock stb from ibs ancol
328,ATK00162A840942,"JuiceTV, 4.51.0 GOTV, Antik Nano 3, Gasnet Urbano 16/31",Provisioning,00:16:2a:84:09:42,Gasnet Urbano 16/31
324,ATK00162A8364E8,"JuiceTV, 4.51.0 GOTV, Antik Nano 3, Stock stb from ibs ancol",GOTV-Basic Lokal & International,00:16:2a:83:64:e8,Stock stb from ibs ancol
319,ATK00162A836688,"JuiceTV, 4.51.0 GOTV, Antik Nano 3, Stock stb from ibs ancol",GOTV-Basic Lokal & International,00:16:2a:83:66:88,Stock stb from ibs ancol
327,ATK00162A8407B1,"JuiceTV, 4.51.0 GOTV, Antik Nano 3, Gasnet Urbano 12/23",Provisioning,00:16:2a:84:07:b1,Gasnet Urbano 12/23
320,ATK00162A836689,"JuiceTV, 4.51.0 GOTV, Antik Nano 3, Stock stb from ibs ancol",GOTV-Basic Lokal & International,00:16:2a:83:66:89,Stock stb from ibs ancol
318,ATK00162A836474,"JuiceTV, 4.51.0 GOTV, Antik Nano 3, Gastra",GOTV-Basic Lokal & International,00:16:2a:83:64:74,Gastra
317,ATK00162A83667B,"JuiceTV, 4.51.0 GOTV, Antik Nano 3, Stock stb from ibs ancol",GOTV-Basic Lokal & International,00:16:2a:83:66:7b,Stock stb from ibs ancol
323,ATK00162A836514,"JuiceTV, 4.51.0 GOTV, Antik Nano 3, Stock stb from ibs ancol",GOTV-Basic Lokal & International,00:16:2a:83:65:14,Stock stb from ibs ancol
314,ATK00162A836477,"JuiceTV, 4.51.0 GOTV, Antik Nano 3, HTS-Teddy Ariadi",GOTV-Basic Lokal & International,00:16:2a:83:64:77,HTS-Teddy Ariadi
365,ATK00162A83C87A,"JuiceTV, 4.51.0 GOTV, Antik Nano 3",5,00:16:2a:83:c8:7a,
316,ATK00162A836476,"JuiceTV, 4.51.0 GOTV, Antik Nano 3, Stock stb from ibs ancol",GOTV-Basic Lokal & International,00:16:2a:83:64:76,Stock stb from ibs ancol
315,ATK00162A836478,"JuiceTV, 4.51.0 GOTV, Antik Nano 3, Stock stb from ibs ancol",GOTV-Basic Lokal & International,00:16:2a:83:64:78,Stock stb from ibs ancol
313,ATK00162A836658,"JuiceTV, 4.51.0 GOTV, Antik Nano 3, Stock stb from ibs ancol",GOTV-Basic Lokal & International,00:16:2a:83:66:58,Stock stb from ibs ancol
343,ATK00162A840783,"JuiceTV, 4.51.0 GOTV, Antik Nano 3, Gasnet Urbano",Provisioning,00:16:2a:84:07:83,Gasnet Urbano
309,ATK00162A836654,"JuiceTV, 4.51.0 GOTV, Antik Nano 3, IBS P.Duyung",GOTV-Basic Lokal & International,00:16:2a:83:66:54,IBS P.Duyung
311,ATK00162A836656,"JuiceTV, 4.51.0 GOTV, Antik Nano 3, Stock stb from ibs ancol",GOTV-Basic Lokal & International,00:16:2a:83:66:56,Stock stb from ibs ancol
308,ATK00162A836609,"JuiceTV, 4.51.0 GOTV, Antik Nano 3, Stock stb from ibs ancol",GOTV-Basic Lokal & International,00:16:2a:83:66:09,Stock stb from ibs ancol
303,ATK00162A836607,"JuiceTV, 4.51.0 GOTV, Antik Nano 3, Stock stb from ibs ancol",GOTV-Basic Lokal & International,00:16:2a:83:66:07,Stock stb from ibs ancol
302,ATK00162A83664E,"JuiceTV, 4.51.0 GOTV, Antik Nano 3, JLM for dismantle",Provisioning,00:16:2a:83:66:4e,JLM for dismantle
305,ATK00162A836608,"JuiceTV, 4.51.0 GOTV, Antik Nano 3, Stock stb from ibs ancol",GOTV-Basic Lokal & International,00:16:2a:83:66:08,Stock stb from ibs ancol
307,ATK00162A83664D,"JuiceTV, 4.51.0 GOTV, Antik Nano 3, Monitoring Headend Rsj",Sunvone Monitoring,00:16:2a:83:66:4d,Monitoring Headend Rsj
300,ATK00162A83664C,"JuiceTV, 4.51.0 GOTV, Antik Nano 3, Cifo Bandung",GOTV-Basic Lokal & International,00:16:2a:83:66:4c,Cifo Bandung
310,ATK00162A836655,"JuiceTV, 4.51.0 GOTV, Antik Nano 3, IBS P.Duyung",GOTV-Basic Lokal & International,00:16:2a:83:66:55,IBS P.Duyung
299,ATK00162A8367FB,"JuiceTV, 4.51.0 GOTV, Antik Nano 3, Stock stb from ibs ancol",GOTV-Basic Lokal & International,00:16:2a:83:67:fb,Stock stb from ibs ancol
298,ATK00162A8367FA,"JuiceTV, 4.51.0 GOTV, Antik Nano 3, Stock stb from ibs ancol",GOTV-Basic Lokal & International,00:16:2a:83:67:fa,Stock stb from ibs ancol
296,ATK00162A8368A1,"JuiceTV, 4.51.0 GOTV, Antik Nano 3, IBS P. Bidadari | Cottage Gandaria 45-1",Provisioning,00:16:2a:83:68:a1,IBS P. Bidadari | Cottage Gandaria 45-1
295,ATK00162A8368A5,"JuiceTV, 4.51.0 GOTV, Antik Nano 3, IBS P. Bidadari | Cottage Cikini 43",Provisioning,00:16:2a:83:68:a5,IBS P. Bidadari | Cottage Cikini 43
304,ATK00162A83664B,"JuiceTV, 4.51.0 GOTV, Antik Nano 3, Menara Astra - AI 59",11,00:16:2a:83:66:4b,Menara Astra - AI 59
291,ATK00162A836849,"JuiceTV, 4.51.0 GOTV, Antik Nano 3, IBS P. Bidadari | Cottage Gandaria 44-2",Provisioning,00:16:2a:83:68:49,IBS P. Bidadari | Cottage Gandaria 44-2
301,ATK00162A836606,"JuiceTV, 4.51.0 GOTV, Antik Nano 3, Stock stb from ibs ancol",GOTV-Basic Lokal & International,00:16:2a:83:66:06,Stock stb from ibs ancol
306,ATK00162A83660A,"JuiceTV, 4.51.0 GOTV, Antik Nano 3, Stock stb from ibs ancol",GOTV-Basic Lokal & International,00:16:2a:83:66:0a,Stock stb from ibs ancol
292,ATK00162A8368A0,"JuiceTV, 4.51.0 GOTV, Antik Nano 3, IBS P. Bidadari | Cottage Gandaria 44-1",Provisioning,00:16:2a:83:68:a0,IBS P. Bidadari | Cottage Gandaria 44-1
293,ATK00162A8368B5,"JuiceTV, 4.51.0 GOTV, Antik Nano 3, IBS P. Bidadari | Cottage Senayan 27-2",Provisioning,00:16:2a:83:68:b5,IBS P. Bidadari | Cottage Senayan 27-2
294,ATK00162A8368E8,"JuiceTV, 4.51.0 GOTV, Antik Nano 3, IBS P. Bidadari | Cottage Senayan 28-1",Provisioning,00:16:2a:83:68:e8,IBS P. Bidadari | Cottage Senayan 28-1
286,ATK00162A8368B6,"JuiceTV, 4.51.0 GOTV, Antik Nano 3, IBS P. Bidadari | Cottage Senayan 27-1",Provisioning,00:16:2a:83:68:b6,IBS P. Bidadari | Cottage Senayan 27-1
285,ATK00162A8368B7,"JuiceTV, 4.51.0 GOTV, Antik Nano 3, IBS P. Bidadari | Cottage Senayan 26-3",Provisioning,00:16:2a:83:68:b7,IBS P. Bidadari | Cottage Senayan 26-3
287,ATK00162A83684B,"JuiceTV, 4.51.0 GOTV, Antik Nano 3, IBS P. Bidadari",Provisioning,00:16:2a:83:68:4b,IBS P. Bidadari
283,ATK00162A8368E6,"JuiceTV, 4.51.0 GOTV, Antik Nano 3, IBS P. Bidadari | Cottage Senayan 28-2",Provisioning,00:16:2a:83:68:e6,IBS P. Bidadari | Cottage Senayan 28-2
312,ATK00162A836657,"JuiceTV, 4.51.0 GOTV, Antik Nano 3, Stock stb from ibs ancol",GOTV-Basic Lokal & International,00:16:2a:83:66:57,Stock stb from ibs ancol
282,ATK00162A83684C,"JuiceTV, 4.51.0 GOTV, Antik Nano 3, IBS P. Bidadari | Cottage Cikini 37",Provisioning,00:16:2a:83:68:4c,IBS P. Bidadari | Cottage Cikini 37
281,ATK00162A8368E5,"JuiceTV, 4.51.0 GOTV, Antik Nano 3, IBS P. Bidadari | Cottage Senayan 28-3",Provisioning,00:16:2a:83:68:e5,IBS P. Bidadari | Cottage Senayan 28-3
279,ATK00162A83649F,"JuiceTV, 4.51.0 GOTV, Antik Nano 3, IBS P. Bidadari | Cottage Petjenongan 17",Provisioning,00:16:2a:83:64:9f,IBS P. Bidadari | Cottage Petjenongan 17
280,ATK00162A83684D,"JuiceTV, 4.51.0 GOTV, Antik Nano 3, Jambuluwuk",5,00:16:2a:83:68:4d,Jambuluwuk
284,ATK00162A8368B2,"JuiceTV, 4.51.0 GOTV, Antik Nano 3, IBS P. Bidadari | Cottage Senayan 27-3",Provisioning,00:16:2a:83:68:b2,IBS P. Bidadari | Cottage Senayan 27-3
278,ATK00162A8364A0,"JuiceTV, 4.51.0 GOTV, Antik Nano 3, IBS P. Bidadari | Cottage Petjenongan 18",Provisioning,00:16:2a:83:64:a0,IBS P. Bidadari | Cottage Petjenongan 18
277,ATK00162A836498,"JuiceTV, 4.51.0 GOTV, Antik Nano 3, IBS P. Bidadari | Cottage Petjenongan 19",Provisioning,00:16:2a:83:64:98,IBS P. Bidadari | Cottage Petjenongan 19
274,ATK00162A8365F3,"JuiceTV, 4.51.0 GOTV, Antik Nano 3, Cifo Bandung",GOTV-Basic Lokal & International,00:16:2a:83:65:f3,Cifo Bandung
276,ATK00162A8364A3,"JuiceTV, 4.51.0 GOTV, Antik Nano 3, IBS P. Bidadari | Cottage Petjenongan 16",Provisioning,00:16:2a:83:64:a3,IBS P. Bidadari | Cottage Petjenongan 16
289,ATK00162A8368B4,"JuiceTV, 4.51.0 GOTV, Antik Nano 3, IBS P. Bidadari | Cottage Senayan 26-2",Provisioning,00:16:2a:83:68:b4,IBS P. Bidadari | Cottage Senayan 26-2
272,ATK00162A8365F4,"JuiceTV, 4.51.0 GOTV, Antik Nano 3, Cifo Bandung",GOTV-Basic Lokal & International,00:16:2a:83:65:f4,Cifo Bandung
290,ATK00162A8368E7,"JuiceTV, 4.51.0 GOTV, Antik Nano 3, IBS P. Bidadari | Cottage Senayan 29-2",Provisioning,00:16:2a:83:68:e7,IBS P. Bidadari | Cottage Senayan 29-2
273,ATK00162A8364EC,"JuiceTV, 4.51.0 GOTV, Antik Nano 3, Cifo Bandung",GOTV-Basic Lokal & International,00:16:2a:83:64:ec,Cifo Bandung
270,ATK00162A8364EE,"JuiceTV, 4.51.0 GOTV, Antik Nano 3, Menara Astra SMI - Direksi 57",11,00:16:2a:83:64:ee,Menara Astra SMI - Direksi 57
271,ATK00162A8364D9,"JuiceTV, 4.51.0 GOTV, Antik Nano 3, Menara Astra - AI 60 | Presdir",11,00:16:2a:83:64:d9,Menara Astra - AI 60 | Presdir
288,ATK00162A83684A,"JuiceTV, 4.51.0 GOTV, Antik Nano 3, IBS P. Duyung",GOTV-Basic Lokal & International,00:16:2a:83:68:4a,IBS P. Duyung
268,ATK00162A8364EF,"JuiceTV, 4.51.0 GOTV, Antik Nano 3, Cifo Bandung",GOTV-Basic Lokal & International,00:16:2a:83:64:ef,Cifo Bandung
275,ATK00162A8368E1,"JuiceTV, 4.51.0 GOTV, Antik Nano 3, IBS P. Bidadari",Provisioning,00:16:2a:83:68:e1,IBS P. Bidadari
266,ATK00162A8365F5,"JuiceTV, 4.51.0 GOTV, Antik Nano 3, Cifo Bandung",GOTV-Basic Lokal & International,00:16:2a:83:65:f5,Cifo Bandung
269,ATK00162A8365F7,"JuiceTV, 4.51.0 GOTV, Antik Nano 3, Cifo Bandung",GOTV-Basic Lokal & International,00:16:2a:83:65:f7,Cifo Bandung
263,ATK00162A83C458,"JuiceTV, 4.51.0 GOTV, Antik Nano 3",5,00:16:2a:83:c4:58,
265,ATK00162A83682F,"JuiceTV, 4.51.0 GOTV, Antik Nano 3, Menara Astra SMI - Lobi 57",11,00:16:2a:83:68:2f,Menara Astra SMI - Lobi 57
267,ATK00162A8365F6,"JuiceTV, 4.51.0 GOTV, Antik Nano 3, COP K-Link |PT Mass2 B1",GOTV-Basic Lokal & International,00:16:2a:83:65:f6,COP K-Link |PT Mass2 B1
260,ATK00162A83C45B,"JuiceTV, 4.51.0 GOTV, Antik Nano 3, Jambuluwuk mezanin office vlan700",5,00:16:2a:83:c4:5b,Jambuluwuk mezanin office vlan700
262,ATK00162A83C45A,"JuiceTV, 4.51.0 GOTV, Antik Nano 3, Jambuluwuk Go TV | 21",Sunvone Monitoring,00:16:2a:83:c4:5a,Jambuluwuk Go TV | 21
259,ATK00162A83C452,"JuiceTV, 4.51.0 GOTV, Antik Nano 3, 612",5,00:16:2a:83:c4:52,612
255,ATK00162A83CB38,"JuiceTV, 4.51.0 GOTV, Antik Nano 3",5,00:16:2a:83:cb:38,
256,ATK00162A83CAB2,"JuiceTV, 4.51.0 GOTV, Antik Nano 3, IBS Jambuluwuk | 503",5,00:16:2a:83:ca:b2,IBS Jambuluwuk | 503
264,ATK00162A8364A1,"JuiceTV, 4.51.0 GOTV, Antik Nano 3, Gasnet Urbano",GOTV-Basic Lokal & International,00:16:2a:83:64:a1,Gasnet Urbano
254,ATK00162A83C865,"JuiceTV, 4.51.0 GOTV, Antik Nano 3",5,00:16:2a:83:c8:65,
252,ATK00162A83CA88,"JuiceTV, 4.51.0 GOTV, Antik Nano 3",5,00:16:2a:83:ca:88,
249,ATK00162A8364D2,"JuiceTV, 4.51.0 GOTV, Antik Nano 3, IBS P. Bidadari | Cottage Gandaria 24",Provisioning,00:16:2a:83:64:d2,IBS P. Bidadari | Cottage Gandaria 24
257,ATK00162A83CA91,"JuiceTV, 4.51.0 GOTV, Antik Nano 3",5,00:16:2a:83:ca:91,
261,ATK00162A83C457,"JuiceTV, 4.51.0 GOTV, Antik Nano 3, IBS Jambuluwuk",5,00:16:2a:83:c4:57,IBS Jambuluwuk
258,ATK00162A83CB0F,"JuiceTV, 4.51.0 GOTV, Antik Nano 3",5,00:16:2a:83:cb:0f,
251,ATK00162A83CA86,"JuiceTV, 4.51.0 GOTV, Antik Nano 3, IBS Jambuluwuk | 707",5,00:16:2a:83:ca:86,IBS Jambuluwuk | 707
246,ATK00162A8368D3,"JuiceTV, 4.51.0 GOTV, Antik Nano 3, IBS | noc menteng",5,00:16:2a:83:68:d3,IBS | noc menteng
247,ATK00162A8368D2,"JuiceTV, 4.51.0 GOTV, Antik Nano 3, IBS Jambuluwuk",5,00:16:2a:83:68:d2,IBS Jambuluwuk
244,ATK00162A8368D1,"JuiceTV, 4.51.0 GOTV, Antik Nano 3",5,00:16:2a:83:68:d1,
297,ATK00162A8367F9,"JuiceTV, 4.51.0 GOTV, Antik Nano 3, Stock stb from ibs ancol",GOTV-Basic Lokal & International,00:16:2a:83:67:f9,Stock stb from ibs ancol
245,ATK00162A8367E0,"JuiceTV, 4.51.0 GOTV, Antik Nano 3, IBS P. Bidadari | Cottage Gandaria 41-1",Provisioning,00:16:2a:83:67:e0,IBS P. Bidadari | Cottage Gandaria 41-1
248,ATK00162A8367EA,"JuiceTV, 4.51.0 GOTV, Antik Nano 3, Stock stb from ibs ancol",GOTV-Basic Lokal & International,00:16:2a:83:67:ea,Stock stb from ibs ancol
239,ATK00162A8367DC,"JuiceTV, 4.51.0 GOTV, Antik Nano 3, Stock stb from ibs ancol",GOTV-Basic Lokal & International,00:16:2a:83:67:dc,Stock stb from ibs ancol
240,ATK00162A8368C8,"JuiceTV, 4.51.0 GOTV, Antik Nano 3",5,00:16:2a:83:68:c8,
243,ATK00162A8367DF,"JuiceTV, 4.51.0 GOTV, Antik Nano 3, Cifo Bandung",GOTV-Basic Lokal & International,00:16:2a:83:67:df,Cifo Bandung
241,ATK00162A8367DE,"JuiceTV, 4.51.0 GOTV, Antik Nano 3, IBS putri duyung",GOTV-Basic Lokal & International,00:16:2a:83:67:de,IBS putri duyung
238,ATK00162A8367DD,"JuiceTV, 4.51.0 GOTV, Antik Nano 3, Stock stb from ibs ancol",GOTV-Basic Lokal & International,00:16:2a:83:67:dd,Stock stb from ibs ancol
242,ATK00162A83CA82,"JuiceTV, 4.51.0 GOTV, Antik Nano 3, IBS Jambuluwuk",5,00:16:2a:83:ca:82,IBS Jambuluwuk
253,ATK00162A83CA89,"JuiceTV, 4.51.0 GOTV, Antik Nano 3",5,00:16:2a:83:ca:89,
237,ATK00162A8368D4,"JuiceTV, 4.51.0 GOTV, Antik Nano 3",5,00:16:2a:83:68:d4,
231,ATK00162A8367B5,"JuiceTV, 4.51.0 GOTV, Antik Nano 3, IBS Putri Duyung Ancol/110",GOTV-Basic Lokal & International,00:16:2a:83:67:b5,IBS Putri Duyung Ancol/110
235,ATK00162A8368A6,"JuiceTV, 4.51.0 GOTV, Antik Nano 3",5,00:16:2a:83:68:a6,
233,ATK00162A83689A,"JuiceTV, 4.51.0 GOTV, Antik Nano 3",5,00:16:2a:83:68:9a,
228,ATK00162A8367FC,"JuiceTV, 4.51.0 GOTV, Antik Nano 3, IBS P. Duyung",GOTV-Basic Lokal & International,00:16:2a:83:67:fc,IBS P. Duyung
226,ATK00162A8367B8,"JuiceTV, 4.51.0 GOTV, Antik Nano 3, Menara Astra",11,00:16:2a:83:67:b8,Menara Astra
234,ATK00162A8368A8,"JuiceTV, 4.51.0 GOTV, Antik Nano 3, IBS Jambuluwuk",5,00:16:2a:83:68:a8,IBS Jambuluwuk
225,ATK00162A83CA8C,"JuiceTV, 4.51.0 GOTV, Antik Nano 3",5,00:16:2a:83:ca:8c,
236,ATK00162A83688E,"JuiceTV, 4.51.0 GOTV, Antik Nano 3, 203",5,00:16:2a:83:68:8e,203
229,ATK00162A8367B7,"JuiceTV, 4.51.0 GOTV, Antik Nano 3, Gasnet Urbano",GOTV-Basic Lokal & International,00:16:2a:83:67:b7,Gasnet Urbano
222,ATK00162A83C41C,"JuiceTV, 4.51.0 GOTV, Antik Nano 3, IBS Jambuluwuk -711",5,00:16:2a:83:c4:1c,IBS Jambuluwuk -711
223,ATK00162A83C421,"JuiceTV, 4.51.0 GOTV, Antik Nano 3, 105",5,00:16:2a:83:c4:21,105
218,ATK00162A83C8B5,"JuiceTV, 4.51.0 GOTV, Antik Nano 3, Gasnet Urbano",GOTV-Basic Lokal & International,00:16:2a:83:c8:b5,Gasnet Urbano
230,ATK00162A8367B6,"JuiceTV, 4.51.0 GOTV, Antik Nano 3, Menara Astra - AI 58",11,00:16:2a:83:67:b6,Menara Astra - AI 58
227,ATK00162A8367F8,"JuiceTV, 4.51.0 GOTV, Antik Nano 3, Stock stb from ibs ancol",GOTV-Basic Lokal & International,00:16:2a:83:67:f8,Stock stb from ibs ancol
219,ATK00162A83C41E,"JuiceTV, 4.51.0 GOTV, Antik Nano 3",5,00:16:2a:83:c4:1e,
215,ATK00162A83CA96,"JuiceTV, 4.51.0 GOTV, Antik Nano 3, IBS Jambuluwuk",5,00:16:2a:83:ca:96,IBS Jambuluwuk
213,ATK00162A83C8B3,"JuiceTV, 4.51.0 GOTV, Antik Nano 3, Gasnet Urbano",GOTV-Basic Lokal & International,00:16:2a:83:c8:b3,Gasnet Urbano
220,ATK00162A83C8A2,"JuiceTV, 4.51.0 GOTV, Antik Nano 3, Gasnet Urbano 12:20",GOTV-Basic Lokal & International,00:16:2a:83:c8:a2,Gasnet Urbano 12:20
216,ATK00162A83C90F,"JuiceTV, 4.51.0 GOTV, Antik Nano 3, IBS Jambuluwuk",5,00:16:2a:83:c9:0f,IBS Jambuluwuk
212,ATK00162A83C92B,"JuiceTV, 4.51.0 GOTV, Antik Nano 3",5,00:16:2a:83:c9:2b,
211,ATK00162A83C89B,"JuiceTV, 4.51.0 GOTV, Antik Nano 3, Gasnet Urbano",GOTV-Basic Lokal & International,00:16:2a:83:c8:9b,Gasnet Urbano
232,ATK00162A8368A9,"JuiceTV, 4.51.0 GOTV, Antik Nano 3, Jambuluwuk 209",5,00:16:2a:83:68:a9,Jambuluwuk 209
217,ATK00162A83C41D,"JuiceTV, 4.51.0 GOTV, Antik Nano 3",5,00:16:2a:83:c4:1d,
224,ATK00162A83C418,"JuiceTV, 4.51.0 GOTV, Antik Nano 3, 712",5,00:16:2a:83:c4:18,712
208,ATK00162A83C9CA,"JuiceTV, 4.51.0 GOTV, Antik Nano 3",5,00:16:2a:83:c9:ca,
214,ATK00162A83CA95,"JuiceTV, 4.51.0 GOTV, Antik Nano 3, IBS Jambuluwuk",5,00:16:2a:83:ca:95,IBS Jambuluwuk
204,ATK00162A83C615,"JuiceTV, 4.51.0 GOTV, Antik Nano 3",5,00:16:2a:83:c6:15,
210,ATK00162A83C73B,"JuiceTV, 4.51.0 GOTV, Antik Nano 3, IBS Jambuluwuk",5,00:16:2a:83:c7:3b,IBS Jambuluwuk
205,ATK00162A83C628,"JuiceTV, 4.51.0 GOTV, Antik Nano 3, 306",5,00:16:2a:83:c6:28,306
206,ATK00162A83C891,"JuiceTV, 4.51.0 GOTV, Antik Nano 3, IBS jambuluwuk",5,00:16:2a:83:c8:91,IBS jambuluwuk
201,ATK00162A83C61C,"JuiceTV, 4.51.0 GOTV, Antik Nano 3, 309",5,00:16:2a:83:c6:1c,309
209,ATK00162A83C7CB,"JuiceTV, 4.51.0 GOTV, Antik Nano 3, Gasnet Urbano",GOTV-Basic Lokal & International,00:16:2a:83:c7:cb,Gasnet Urbano
207,ATK00162A83CA8F,"JuiceTV, 4.51.0 GOTV, Antik Nano 3, IBS Jambuluwuk",5,00:16:2a:83:ca:8f,IBS Jambuluwuk
195,ATK00162A836512,"JuiceTV, 4.51.0 GOTV, Antik Nano 3, Stock stb from ibs ancol",GOTV-Basic Lokal & International,00:16:2a:83:65:12,Stock stb from ibs ancol
194,ATK00162A8365EB,"JuiceTV, 4.51.0 GOTV, Antik Nano 3, Stock stb from ibs ancol",GOTV-Basic Lokal & International,00:16:2a:83:65:eb,Stock stb from ibs ancol
202,ATK00162A83CA23,"JuiceTV, 4.51.0 GOTV, Antik Nano 3, IBS Jambuluwuk |109",5,00:16:2a:83:ca:23,IBS Jambuluwuk |109
196,ATK00162A836452,"JuiceTV, 4.51.0 GOTV, Antik Nano 3, Stock stb from ibs ancol",GOTV-Basic Lokal & International,00:16:2a:83:64:52,Stock stb from ibs ancol
191,ATK00162A8364F7,"JuiceTV, 4.51.0 GOTV, Antik Nano 3, Stock stb from ibs ancol",GOTV-Basic Lokal & International,00:16:2a:83:64:f7,Stock stb from ibs ancol
198,ATK00162A8365EC,"JuiceTV, 4.51.0 GOTV, Antik Nano 3, Stock stb from ibs ancol",GOTV-Basic Lokal & International,00:16:2a:83:65:ec,Stock stb from ibs ancol
203,ATK00162A83C739,"JuiceTV, 4.51.0 GOTV, Antik Nano 3",5,00:16:2a:83:c7:39,
192,ATK00162A83650E,"JuiceTV, 4.51.0 GOTV, Antik Nano 3, Stock stb from ibs ancol",GOTV-Basic Lokal & International,00:16:2a:83:65:0e,Stock stb from ibs ancol
197,ATK00162A836453,"JuiceTV, 4.51.0 GOTV, Antik Nano 3, Stock stb from ibs ancol",GOTV-Basic Lokal & International,00:16:2a:83:64:53,Stock stb from ibs ancol
193,ATK00162A83650F,"JuiceTV, 4.51.0 GOTV, Antik Nano 3, Stock stb from ibs ancol",GOTV-Basic Lokal & International,00:16:2a:83:65:0f,Stock stb from ibs ancol
185,ATK00162A8364F6,"JuiceTV, 4.51.0 GOTV, Antik Nano 3, IBS P. Duyung",GOTV-Basic Lokal & International,00:16:2a:83:64:f6,IBS P. Duyung
187,ATK00162A8364F5,"JuiceTV, 4.51.0 GOTV, Antik Nano 3, Stock stb from ibs ancol",GOTV-Basic Lokal & International,00:16:2a:83:64:f5,Stock stb from ibs ancol
183,ATK00162A836610,"JuiceTV, 4.51.0 GOTV, Antik Nano 3, TIS Kelapa Gading",GOTV-Basic Lokal & International,00:16:2a:83:66:10,TIS Kelapa Gading
184,ATK00162A836637,"JuiceTV, 4.51.0 GOTV, Antik Nano 3, Stock stb from ibs ancol",GOTV-Basic Lokal & International,00:16:2a:83:66:37,Stock stb from ibs ancol
200,ATK00162A83C5D3,"JuiceTV, 4.51.0 GOTV, Antik Nano 3, 105",5,00:16:2a:83:c5:d3,105
190,ATK00162A83650D,"JuiceTV, 4.51.0 GOTV, Antik Nano 3, Stock stb from ibs ancol",GOTV-Basic Lokal & International,00:16:2a:83:65:0d,Stock stb from ibs ancol
188,ATK00162A836634,"JuiceTV, 4.51.0 GOTV, Antik Nano 3, Stock stb from ibs ancol",GOTV-Basic Lokal & International,00:16:2a:83:66:34,Stock stb from ibs ancol
186,ATK00162A8364EB,"JuiceTV, 4.51.0 GOTV, Antik Nano 3, Stock stb from ibs ancol",GOTV-Basic Lokal & International,00:16:2a:83:64:eb,Stock stb from ibs ancol
179,ATK00162A836612,"JuiceTV, 4.51.0 GOTV, Antik Nano 3, Stock stb from ibs ancol",GOTV-Basic Lokal & International,00:16:2a:83:66:12,Stock stb from ibs ancol
182,ATK00162A836638,"JuiceTV, 4.51.0 GOTV, Antik Nano 3, Stock stb from ibs ancol",GOTV-Basic Lokal & International,00:16:2a:83:66:38,Stock stb from ibs ancol
180,ATK00162A836516,"JuiceTV, 4.51.0 GOTV, Antik Nano 3, Stock stb from ibs ancol",GOTV-Basic Lokal & International,00:16:2a:83:65:16,Stock stb from ibs ancol
189,ATK00162A8364F8,"JuiceTV, 4.51.0 GOTV, Antik Nano 3, Stock stb from ibs ancol",GOTV-Basic Lokal & International,00:16:2a:83:64:f8,Stock stb from ibs ancol
174,ATK00162A83C613,"JuiceTV, 4.51.0 GOTV, Antik Nano 3, IBS Jambuluwuk",5,00:16:2a:83:c6:13,IBS Jambuluwuk
177,ATK00162A836613,"JuiceTV, 4.51.0 GOTV, Antik Nano 3, TIS Kelapa Gading",GOTV-Basic Lokal & International,00:16:2a:83:66:13,TIS Kelapa Gading
172,ATK00162A83C904,"JuiceTV, 4.51.0 GOTV, Antik Nano 3, IBS Jambuluwuk | 512",5,00:16:2a:83:c9:04,IBS Jambuluwuk | 512
175,ATK00162A836614,"JuiceTV, 4.51.0 GOTV, Antik Nano 3, Stock stb from ibs ancol",GOTV-Basic Lokal & International,00:16:2a:83:66:14,Stock stb from ibs ancol
171,ATK00162A83C91D,"JuiceTV, 4.51.0 GOTV, Antik Nano 3",5,00:16:2a:83:c9:1d,
170,ATK00162A83C91A,"JuiceTV, 4.51.0 GOTV, Antik Nano 3",5,00:16:2a:83:c9:1a,
168,ATK00162A83C6FB,"JuiceTV, 4.51.0 GOTV, Antik Nano 3, Gasnet Urbano",GOTV-Basic Lokal & International,00:16:2a:83:c6:fb,Gasnet Urbano
165,ATK00162A83C710,"JuiceTV, 4.51.0 GOTV, Antik Nano 3, Gasnet Urbano",GOTV-Basic Lokal & International,00:16:2a:83:c7:10,Gasnet Urbano
169,ATK00162A83C922,"JuiceTV, 4.51.0 GOTV, Antik Nano 3",5,00:16:2a:83:c9:22,
163,ATK00162A83C614,"JuiceTV, 4.51.0 GOTV, Antik Nano 3, 202",5,00:16:2a:83:c6:14,202
181,ATK00162A836611,"JuiceTV, 4.51.0 GOTV, Antik Nano 3, Stock stb from ibs ancol",GOTV-Basic Lokal & International,00:16:2a:83:66:11,Stock stb from ibs ancol
162,ATK00162A83C719,"JuiceTV, 4.51.0 GOTV, Antik Nano 3, Gasnet Urbano",Provisioning,00:16:2a:83:c7:19,Gasnet Urbano
160,ATK00162A83C7E4,"JuiceTV, 4.51.0 GOTV, Antik Nano 3",5,00:16:2a:83:c7:e4,
159,ATK00162A83C8B1,"JuiceTV, 4.51.0 GOTV, Antik Nano 3, IBS Jambuluwuk",5,00:16:2a:83:c8:b1,IBS Jambuluwuk
167,ATK00162A83C661,"JuiceTV, 4.51.0 GOTV, Antik Nano 3, IBS Jambuluwuk",5,00:16:2a:83:c6:61,IBS Jambuluwuk
158,ATK00162A83C6FF,"JuiceTV, 4.51.0 GOTV, Antik Nano 3, Gasnet Urbano Tower 1 | 21/12",GOTV-Basic Lokal & International,00:16:2a:83:c6:ff,Gasnet Urbano Tower 1 | 21/12
156,ATK00162A83C899,"JuiceTV, 4.51.0 GOTV, Antik Nano 3",5,00:16:2a:83:c8:99,
166,ATK00162A83C5E8,"JuiceTV, 4.51.0 GOTV, Antik Nano 3",5,00:16:2a:83:c5:e8,
157,ATK00162A83CB1D,"JuiceTV, 4.51.0 GOTV, Antik Nano 3",5,00:16:2a:83:cb:1d,
154,ATK00162A83C4EE,"JuiceTV, 4.51.0 GOTV, Antik Nano 3, IBS Jambuluwuk",5,00:16:2a:83:c4:ee,IBS Jambuluwuk
161,ATK00162A83C839,"JuiceTV, 4.51.0 GOTV, Antik Nano 3",5,00:16:2a:83:c8:39,
178,ATK00162A836515,"JuiceTV, 4.51.0 GOTV, Antik Nano 3, Stock stb from ibs ancol",GOTV-Basic Lokal & International,00:16:2a:83:65:15,Stock stb from ibs ancol
155,ATK00162A83C71E,"JuiceTV, 4.51.0 GOTV, Antik Nano 3, Gasnet Urbano",GOTV-Basic Lokal & International,00:16:2a:83:c7:1e,Gasnet Urbano
152,ATK00162A83C4EA,"JuiceTV, 4.51.0 GOTV, Antik Nano 3",5,00:16:2a:83:c4:ea,
151,ATK00162A83C4FC,"JuiceTV, 4.51.0 GOTV, Antik Nano 3, IBS Jambuluwuk",5,00:16:2a:83:c4:fc,IBS Jambuluwuk
173,ATK00162A83C617,"JuiceTV, 4.51.0 GOTV, Antik Nano 3, 303",5,00:16:2a:83:c6:17,303
142,ATK00162A836668,"JuiceTV, 4.51.0 GOTV, Antik Nano 3, Cifo Bandung",GOTV-Basic Lokal & International,00:16:2a:83:66:68,Cifo Bandung
144,ATK00162A836693,"JuiceTV, 4.51.0 GOTV, Antik Nano 3, Stock stb from ibs ancol",GOTV-Basic Lokal & International,00:16:2a:83:66:93,Stock stb from ibs ancol
143,ATK00162A836643,"JuiceTV, 4.51.0 GOTV, Antik Nano 3, JLM for dismantle",Provisioning,00:16:2a:83:66:43,JLM for dismantle
139,ATK00162A8365CC,"JuiceTV, 4.51.0 GOTV, Antik Nano 3, WNI NHK SONY TV Monitor",12,00:16:2a:83:65:cc,WNI NHK SONY TV Monitor
138,ATK00162A83654F,"JuiceTV, 4.51.0 GOTV, Antik Nano 3",GOTV-Basic Lokal & International,00:16:2a:83:65:4f,
153,ATK00162A83C4EB,"JuiceTV, 4.51.0 GOTV, Antik Nano 3, 603",5,00:16:2a:83:c4:eb,603
137,ATK00162A836551,"JuiceTV, 4.51.0 GOTV, Antik Nano 3, JLM for dismantle",Provisioning,00:16:2a:83:65:51,JLM for dismantle
140,ATK00162A83666B,"JuiceTV, 4.51.0 GOTV, Antik Nano 3, Menara Astra HTS network",11,00:16:2a:83:66:6b,Menara Astra HTS network
136,ATK00162A8365CB,"JuiceTV, 4.51.0 GOTV, Antik Nano 3, Menara Astra Ip One Menara Mandiri",11,00:16:2a:83:65:cb,Menara Astra Ip One Menara Mandiri
133,ATK00162A836553,"JuiceTV, 4.51.0 GOTV, Antik Nano 3, Menara Astra - AI - Public Area 2 - 60",11,00:16:2a:83:65:53,Menara Astra - AI - Public Area 2 - 60
141,ATK00162A836669,"JuiceTV, 4.51.0 GOTV, Antik Nano 3, Cifo Bandung",GOTV-Basic Lokal & International,00:16:2a:83:66:69,Cifo Bandung
132,ATK00162A8365B8,"JuiceTV, 4.51.0 GOTV, Antik Nano 3, WNI NHK",12,00:16:2a:83:65:b8,WNI NHK
131,ATK00162A8365B3,"JuiceTV, 4.51.0 GOTV, Antik Nano 3, WNI NHK Biro Room",12,00:16:2a:83:65:b3,WNI NHK Biro Room
129,ATK00162A8365C8,"JuiceTV, 4.51.0 GOTV, Antik Nano 3, JLM for dismantle",Provisioning,00:16:2a:83:65:c8,JLM for dismantle
127,ATK00162A8365C7,"JuiceTV, 4.51.0 GOTV, Antik Nano 3, JLM for dismantle",Provisioning,00:16:2a:83:65:c7,JLM for dismantle
135,ATK00162A836552,"JuiceTV, 4.51.0 GOTV, Antik Nano 3, HTS",GOTV-Basic Lokal & International,00:16:2a:83:65:52,HTS
134,ATK00162A836550,"JuiceTV, 4.51.0 GOTV, Antik Nano 3, COP | Menara Kuningan",GOTV-Basic Lokal & International,00:16:2a:83:65:50,COP | Menara Kuningan
130,ATK00162A8365C4,"JuiceTV, 4.51.0 GOTV, Antik Nano 3, Cifo Bandung",GOTV-Basic Lokal & International,00:16:2a:83:65:c4,Cifo Bandung
123,ATK00162A8365C9,"JuiceTV, 4.51.0 GOTV, Antik Nano 3, Stock stb from ibs ancol",GOTV-Basic Lokal & International,00:16:2a:83:65:c9,Stock stb from ibs ancol
124,ATK00162A8365E4,"JuiceTV, 4.51.0 GOTV, Antik Nano 3, Stock stb from ibs ancol",GOTV-Basic Lokal & International,00:16:2a:83:65:e4,Stock stb from ibs ancol
126,ATK00162A8365BA,"JuiceTV, 4.51.0 GOTV, Antik Nano 3, BIT Office 88",GOTV-Basic Lokal & International,00:16:2a:83:65:ba,BIT Office 88
125,ATK00162A8364ED,"JuiceTV, 4.51.0 GOTV, Antik Nano 3, WNI-asahi shinbun lt 8",12,00:16:2a:83:64:ed,WNI-asahi shinbun lt 8
121,ATK00162A8365D4,"JuiceTV, 4.51.0 GOTV, Antik Nano 3, IBS P. Duyung",GOTV-Basic Lokal & International,00:16:2a:83:65:d4,IBS P. Duyung
122,ATK00162A8364C8,"JuiceTV, 4.51.0 GOTV, Antik Nano 3, Stock stb from ibs ancol",GOTV-Basic Lokal & International,00:16:2a:83:64:c8,Stock stb from ibs ancol
120,ATK00162A8364D6,"JuiceTV, 4.51.0 GOTV, Antik Nano 3, Stock stb from ibs ancol",GOTV-Basic Lokal & International,00:16:2a:83:64:d6,Stock stb from ibs ancol
119,ATK00162A836685,"JuiceTV, 4.51.0 GOTV, Antik Nano 3, Gastra",GOTV-Basic Lokal & International,00:16:2a:83:66:85,Gastra
116,ATK00162A836684,"JuiceTV, 4.51.0 GOTV, Antik Nano 3, Stock stb from ibs ancol",GOTV-Basic Lokal & International,00:16:2a:83:66:84,Stock stb from ibs ancol
115,ATK00162A8364D8,"JuiceTV, 4.51.0 GOTV, Antik Nano 3, Stock stb from ibs ancol",GOTV-Basic Lokal & International,00:16:2a:83:64:d8,Stock stb from ibs ancol
114,ATK00162A83656C,"JuiceTV, 4.51.0 GOTV, Antik Nano 3, HTS",GOTV-Basic Lokal & International,00:16:2a:83:65:6c,HTS
118,ATK00162A8364D7,"JuiceTV, 4.51.0 GOTV, Antik Nano 3, Stock stb from ibs ancol",GOTV-Basic Lokal & International,00:16:2a:83:64:d7,Stock stb from ibs ancol
113,ATK00162A836683,"JuiceTV, 4.51.0 GOTV, Antik Nano 3, Stock stb from ibs ancol",GOTV-Basic Lokal & International,00:16:2a:83:66:83,Stock stb from ibs ancol
111,ATK00162A83666E,"JuiceTV, 4.51.0 GOTV, Antik Nano 3, Stock stb from ibs ancol",GOTV-Basic Lokal & International,00:16:2a:83:66:6e,Stock stb from ibs ancol
128,ATK00162A8365B9,"JuiceTV, 4.51.0 GOTV, Antik Nano 3, HTS",GOTV-Basic Lokal & International,00:16:2a:83:65:b9,HTS
112,ATK00162A83656F,"JuiceTV, 4.51.0 GOTV, Antik Nano 3, Menara Astra Marubeni-lobi 51",11,00:16:2a:83:65:6f,Menara Astra Marubeni-lobi 51
117,ATK00162A8364DA,"JuiceTV, 4.51.0 GOTV, Antik Nano 3, Stock stb from ibs ancol",GOTV-Basic Lokal & International,00:16:2a:83:64:da,Stock stb from ibs ancol
108,ATK00162A836570,"JuiceTV, 4.51.0 GOTV, Antik Nano 3, Menara Astra - AI 59 - Public Area 1",11,00:16:2a:83:65:70,Menara Astra - AI 59 - Public Area 1
110,ATK00162A83656E,"JuiceTV, 4.51.0 GOTV, Antik Nano 3, Menara Astra Argo Lestari-57",11,00:16:2a:83:65:6e,Menara Astra Argo Lestari-57
106,ATK00162A83656D,"JuiceTV, 4.51.0 GOTV, Antik Nano 3, Menara Astra - AI - Public Area 1 - 58",11,00:16:2a:83:65:6d,Menara Astra - AI - Public Area 1 - 58
104,ATK00162A83659D,"JuiceTV, 4.51.0 GOTV, Antik Nano 3, Stock stb from ibs ancol",GOTV-Basic Lokal & International,00:16:2a:83:65:9d,Stock stb from ibs ancol
176,ATK00162A836511,"JuiceTV, 4.51.0 GOTV, Antik Nano 3, TIS Kelapa Gading",GOTV-Basic Lokal & International,00:16:2a:83:65:11,TIS Kelapa Gading
107,ATK00162A8365A2,"JuiceTV, 4.51.0 GOTV, Antik Nano 3, IBS P. Duyung",GOTV-Basic Lokal & International,00:16:2a:83:65:a2,IBS P. Duyung
102,ATK00162A8365A1,"JuiceTV, 4.51.0 GOTV, Antik Nano 3, TIS Kelapa Gading",GOTV-Basic Lokal & International,00:16:2a:83:65:a1,TIS Kelapa Gading
145,ATK00162A836696,"JuiceTV, 4.51.0 GOTV, Antik Nano 3, Cifo Bandung",GOTV-Basic Lokal & International,00:16:2a:83:66:96,Cifo Bandung
105,ATK00162A836560,"JuiceTV, 4.51.0 GOTV, Antik Nano 3, IBS P. Bidadari | Cottage Gandaria 45-2",Provisioning,00:16:2a:83:65:60,IBS P. Bidadari | Cottage Gandaria 45-2
103,ATK00162A836545,"JuiceTV, 4.51.0 GOTV, Antik Nano 3, Stock stb from ibs ancol",GOTV-Basic Lokal & International,00:16:2a:83:65:45,Stock stb from ibs ancol
109,ATK00162A83667D,"JuiceTV, 4.51.0 GOTV, Antik Nano 3, Stock stb from ibs ancol",GOTV-Basic Lokal & International,00:16:2a:83:66:7d,Stock stb from ibs ancol
101,ATK00162A836546,"JuiceTV, 4.51.0 GOTV, Antik Nano 3, Menara Astra - PSS",GOTV-Basic Lokal & International,00:16:2a:83:65:46,Menara Astra - PSS
100,ATK00162A83659B,"JuiceTV, 4.51.0 GOTV, Antik Nano 3, Stock stb from ibs ancol",GOTV-Basic Lokal & International,00:16:2a:83:65:9b,Stock stb from ibs ancol
94,ATK00162A83665B,"JuiceTV, 4.51.0 GOTV, Antik Nano 3, Stock stb from ibs ancol",GOTV-Basic Lokal & International,00:16:2a:83:66:5b,Stock stb from ibs ancol
96,ATK00162A836659,"JuiceTV, 4.51.0 GOTV, Antik Nano 3, Stock stb from ibs ancol",GOTV-Basic Lokal & International,00:16:2a:83:66:59,Stock stb from ibs ancol
98,ATK00162A836548,"JuiceTV, 4.51.0 GOTV, Antik Nano 3, IBS P. Duyung",GOTV-Basic Lokal & International,00:16:2a:83:65:48,IBS P. Duyung
91,ATK00162A8365DC,"JuiceTV, 4.51.0 GOTV, Antik Nano 3, Stock stb from ibs ancol",GOTV-Basic Lokal & International,00:16:2a:83:65:dc,Stock stb from ibs ancol
93,ATK00162A8365DD,"JuiceTV, 4.51.0 GOTV, Antik Nano 3, Stock stb from ibs ancol",GOTV-Basic Lokal & International,00:16:2a:83:65:dd,Stock stb from ibs ancol
99,ATK00162A836547,"JuiceTV, 4.51.0 GOTV, Antik Nano 3, Stock stb from ibs ancol",GOTV-Basic Lokal & International,00:16:2a:83:65:47,Stock stb from ibs ancol
95,ATK00162A8365DE,"JuiceTV, 4.51.0 GOTV, Antik Nano 3, Stock stb from ibs ancol",GOTV-Basic Lokal & International,00:16:2a:83:65:de,Stock stb from ibs ancol
88,ATK00162A83665D,"JuiceTV, 4.51.0 GOTV, Antik Nano 3, Stock stb from ibs ancol",GOTV-Basic Lokal & International,00:16:2a:83:66:5d,Stock stb from ibs ancol
89,ATK00162A8365DB,"JuiceTV, 4.51.0 GOTV, Antik Nano 3, Stock stb from ibs ancol",GOTV-Basic Lokal & International,00:16:2a:83:65:db,Stock stb from ibs ancol
97,ATK00162A83665E,"JuiceTV, 4.51.0 GOTV, Antik Nano 3, Stock stb from ibs ancol",GOTV-Basic Lokal & International,00:16:2a:83:66:5e,Stock stb from ibs ancol
85,ATK00162A836506,"JuiceTV, 4.51.0 GOTV, Antik Nano 3, Stock stb from ibs ancol",GOTV-Basic Lokal & International,00:16:2a:83:65:06,Stock stb from ibs ancol
90,ATK00162A8365DA,"JuiceTV, 4.51.0 GOTV, Antik Nano 3, Stock stb from ibs ancol",GOTV-Basic Lokal & International,00:16:2a:83:65:da,Stock stb from ibs ancol
82,ATK00162A836667,"JuiceTV, 4.51.0 GOTV, Antik Nano 3, Stock stb from ibs ancol",GOTV-Basic Lokal & International,00:16:2a:83:66:67,Stock stb from ibs ancol
92,ATK00162A83665C,"JuiceTV, 4.51.0 GOTV, Antik Nano 3, Stock stb from ibs ancol",GOTV-Basic Lokal & International,00:16:2a:83:66:5c,Stock stb from ibs ancol
83,ATK00162A836664,"JuiceTV, 4.51.0 GOTV, Antik Nano 3, Stock stb from ibs ancol",GOTV-Basic Lokal & International,00:16:2a:83:66:64,Stock stb from ibs ancol
164,ATK00162A83C5BD,"JuiceTV, 4.51.0 GOTV, Antik Nano 3, IBS Jambuluwuk | 107",5,00:16:2a:83:c5:bd,IBS Jambuluwuk | 107
84,ATK00162A836504,"JuiceTV, 4.51.0 GOTV, Antik Nano 3, Stock stb from ibs ancol",GOTV-Basic Lokal & International,00:16:2a:83:65:04,Stock stb from ibs ancol
80,ATK00162A836644,"JuiceTV, 4.51.0 GOTV, Antik Nano 3, Stock stb from ibs ancol",GOTV-Basic Lokal & International,00:16:2a:83:66:44,Stock stb from ibs ancol
81,ATK00162A836666,"JuiceTV, 4.51.0 GOTV, Antik Nano 3, Stock stb from ibs ancol",GOTV-Basic Lokal & International,00:16:2a:83:66:66,Stock stb from ibs ancol
75,ATK00162A8365E9,"JuiceTV, 4.51.0 GOTV, Antik Nano 3, Stock stb from ibs ancol",GOTV-Basic Lokal & International,00:16:2a:83:65:e9,Stock stb from ibs ancol
77,ATK00162A8365ED,"JuiceTV, 4.51.0 GOTV, Antik Nano 3, Stock stb from ibs ancol",GOTV-Basic Lokal & International,00:16:2a:83:65:ed,Stock stb from ibs ancol
79,ATK00162A836665,"JuiceTV, 4.51.0 GOTV, Antik Nano 3, Stock stb from ibs ancol",GOTV-Basic Lokal & International,00:16:2a:83:66:65,Stock stb from ibs ancol
76,ATK00162A836454,"JuiceTV, 4.51.0 GOTV, Antik Nano 3, Stock stb from ibs ancol",GOTV-Basic Lokal & International,00:16:2a:83:64:54,Stock stb from ibs ancol
69,ATK00162A83682E,"JuiceTV, 4.51.0 GOTV, Antik Nano 3, IBS P.Bidadari | Cottage Senen 22",Provisioning,00:16:2a:83:68:2e,IBS P.Bidadari | Cottage Senen 22
67,ATK00162A8367F6,"JuiceTV, 4.51.0 GOTV, Antik Nano 3, IBS P. Bidadari | Cottage Senen 21",Provisioning,00:16:2a:83:67:f6,IBS P. Bidadari | Cottage Senen 21
66,ATK00162A8367F5,"JuiceTV, 4.51.0 GOTV, Antik Nano 3, IBS P. Bidadari | Cottage Cikini 36",Provisioning,00:16:2a:83:67:f5,IBS P. Bidadari | Cottage Cikini 36
70,ATK00162A83682C,"JuiceTV, 4.51.0 GOTV, Antik Nano 3, IBS P.Bidadari | Cottage Tjondet 4",Provisioning,00:16:2a:83:68:2c,IBS P.Bidadari | Cottage Tjondet 4
71,ATK00162A83682D,"JuiceTV, 4.51.0 GOTV, Antik Nano 3, WNI HTS-Ratriyani",12,00:16:2a:83:68:2d,WNI HTS-Ratriyani
63,ATK00162A836779,"JuiceTV, 4.51.0 GOTV, Antik Nano 3, Stock stb from ibs ancol",GOTV-Basic Lokal & International,00:16:2a:83:67:79,Stock stb from ibs ancol
62,ATK00162A8367F3,"JuiceTV, 4.51.0 GOTV, Antik Nano 3, Stock stb from ibs ancol",GOTV-Basic Lokal & International,00:16:2a:83:67:f3,Stock stb from ibs ancol
65,ATK00162A8367F4,"JuiceTV, 4.51.0 GOTV, Antik Nano 3, IBS Bidadari | Kemayoran 2",Provisioning,00:16:2a:83:67:f4,IBS Bidadari | Kemayoran 2
61,ATK00162A836775,"JuiceTV, 4.51.0 GOTV, Antik Nano 3, Stock stb from ibs ancol",GOTV-Basic Lokal & International,00:16:2a:83:67:75,Stock stb from ibs ancol
78,ATK00162A836455,"JuiceTV, 4.51.0 GOTV, Antik Nano 3, Stock stb from ibs ancol",GOTV-Basic Lokal & International,00:16:2a:83:64:55,Stock stb from ibs ancol
58,ATK00162A836830,"JuiceTV, 4.51.0 GOTV, Antik Nano 3, IBS P. Bidadari | Cottage Tjondet 5",Provisioning,00:16:2a:83:68:30,IBS P. Bidadari | Cottage Tjondet 5
68,ATK00162A8367F0,"JuiceTV, 4.51.0 GOTV, Antik Nano 3, IBS P. Bidadari | Kemayoran 6",Provisioning,00:16:2a:83:67:f0,IBS P. Bidadari | Kemayoran 6
57,ATK00162A836832,"JuiceTV, 4.51.0 GOTV, Antik Nano 3, IBS P. Bidadari | Cottage Cikini 35",Provisioning,00:16:2a:83:68:32,IBS P. Bidadari | Cottage Cikini 35
56,ATK00162A836834,"JuiceTV, 4.51.0 GOTV, Antik Nano 3, IBS P. Bidadari | Cottage Cikini 34",Provisioning,00:16:2a:83:68:34,IBS P. Bidadari | Cottage Cikini 34
59,ATK00162A836814,"JuiceTV, 4.51.0 GOTV, Antik Nano 3, IBS P. Bidadari | Cottage Menteng 10",Provisioning,00:16:2a:83:68:14,IBS P. Bidadari | Cottage Menteng 10
64,ATK00162A836778,"JuiceTV, 4.51.0 GOTV, Antik Nano 3, stock stb from ibs, ancol",GOTV-Basic Lokal & International,00:16:2a:83:67:78,"stock stb from ibs, ancol"
54,ATK00162A836835,"JuiceTV, 4.51.0 GOTV, Antik Nano 3, IBS P. Bidadari | Cottage Senen 23",Provisioning,00:16:2a:83:68:35,IBS P. Bidadari | Cottage Senen 23
86,ATK00162A836507,"JuiceTV, 4.51.0 GOTV, Antik Nano 3, Stock stb from ibs ancol",GOTV-Basic Lokal & International,00:16:2a:83:65:07,Stock stb from ibs ancol
52,ATK00162A836903,"JuiceTV, 4.51.0 GOTV, Antik Nano 3, IBS Bidadari | Kemayoran 1",Provisioning,00:16:2a:83:69:03,IBS Bidadari | Kemayoran 1
50,ATK00162A836561,"JuiceTV, 4.51.0 GOTV, Antik Nano 3, IBS P. Bidadari | Cottage Gandaria 41-2",Provisioning,00:16:2a:83:65:61,IBS P. Bidadari | Cottage Gandaria 41-2
53,ATK00162A836812,"JuiceTV, 4.51.0 GOTV, Antik Nano 3, IBS P. Bidadari | Cottage Menteng 11",Provisioning,00:16:2a:83:68:12,IBS P. Bidadari | Cottage Menteng 11
51,ATK00162A83680A,"JuiceTV, 4.51.0 GOTV, Antik Nano 3, IBS P. Bidadari | Cottage Menteng 12",Provisioning,00:16:2a:83:68:0a,IBS P. Bidadari | Cottage Menteng 12
47,ATK00162A83651F,"JuiceTV, 4.51.0 GOTV, Antik Nano 3, HTS",GOTV-Basic Lokal & International,00:16:2a:83:65:1f,HTS
48,ATK00162A836811,"JuiceTV, 4.51.0 GOTV, Antik Nano 3, IBS P. Bidadari | Cottage Senen 20",Provisioning,00:16:2a:83:68:11,IBS P. Bidadari | Cottage Senen 20
46,ATK00162A836901,"JuiceTV, 4.51.0 GOTV, Antik Nano 3, IBS P. Bidadari",Provisioning,00:16:2a:83:69:01,IBS P. Bidadari
49,ATK00162A836902,"JuiceTV, 4.51.0 GOTV, Antik Nano 3, IBS P. Bidadari",Provisioning,00:16:2a:83:69:02,IBS P. Bidadari
44,ATK00162A8368F3,"JuiceTV, 4.51.0 GOTV, Antik Nano 3, IBS P. Bidadari | Cottage Senayan 29-3",Provisioning,00:16:2a:83:68:f3,IBS P. Bidadari | Cottage Senayan 29-3
60,ATK00162A83682A,"JuiceTV, 4.51.0 GOTV, Antik Nano 3, IBS Putri Duyung",GOTV-Basic Lokal & International,00:16:2a:83:68:2a,IBS Putri Duyung
41,ATK00162A8368D7,"JuiceTV, 4.51.0 GOTV, Antik Nano 3, Monitoring lt. 21| Helmi",GOTV PLATINUM 35 CH ++,00:16:2a:83:68:d7,Monitoring lt. 21| Helmi
42,ATK00162A8368D9,"JuiceTV, 4.51.0 GOTV, Antik Nano 3, IBS P. Bidadari",Provisioning,00:16:2a:83:68:d9,IBS P. Bidadari
43,ATK00162A83655F,"JuiceTV, 4.51.0 GOTV, Antik Nano 3, WNI HTS-Imam Wahyudi",12,00:16:2a:83:65:5f,WNI HTS-Imam Wahyudi
40,ATK00162A836900,"JuiceTV, 4.51.0 GOTV, Antik Nano 3, IBS P. Bidadari | Cottage Senayan 29-1",Provisioning,00:16:2a:83:69:00,IBS P. Bidadari | Cottage Senayan 29-1
38,ATK00162A8368D6,"JuiceTV, 4.51.0 GOTV, Antik Nano 3, IBS P. Bidadari",Provisioning,00:16:2a:83:68:d6,IBS P. Bidadari
87,ATK00162A836503,"JuiceTV, 4.51.0 GOTV, Antik Nano 3, Stock stb from ibs ancol",GOTV-Basic Lokal & International,00:16:2a:83:65:03,Stock stb from ibs ancol
55,ATK00162A836813,"JuiceTV, 4.51.0 GOTV, Antik Nano 3, IBS P. Bidadari | Cottage Menteng 15",Provisioning,00:16:2a:83:68:13,IBS P. Bidadari | Cottage Menteng 15
45,ATK00162A83655E,"JuiceTV, 4.51.0 GOTV, Antik Nano 3, Menara Astra European United",11,00:16:2a:83:65:5e,Menara Astra European United
37,ATK00162A8368D5,"JuiceTV, 4.51.0 GOTV, Antik Nano 3, IBS P. Bidadari | Cottage Tjondet 9",Provisioning,00:16:2a:83:68:d5,IBS P. Bidadari | Cottage Tjondet 9
34,ATK00162A83648A,"JuiceTV, 4.51.0 GOTV, Antik Nano 3, IBS P. Bidadari",Provisioning,00:16:2a:83:64:8a,IBS P. Bidadari
33,ATK00162A836489,"JuiceTV, 4.51.0 GOTV, Antik Nano 3, IBS P. Bidadari | Cottage Senayan 38-2",Provisioning,00:16:2a:83:64:89,IBS P. Bidadari | Cottage Senayan 38-2
29,ATK00162A8364D4,"JuiceTV, 4.51.0 GOTV, Antik Nano 3, IBS P. Bidadari | Cottage Senayan 26-1",Provisioning,00:16:2a:83:64:d4,IBS P. Bidadari | Cottage Senayan 26-1
31,ATK00162A8364CB,"JuiceTV, 4.51.0 GOTV, Antik Nano 3, IBS P. Bidadari",Provisioning,00:16:2a:83:64:cb,IBS P. Bidadari
35,ATK00162A83648D,"JuiceTV, 4.51.0 GOTV, Antik Nano 3, IBS P. Bidadari",Provisioning,00:16:2a:83:64:8d,IBS P. Bidadari
30,ATK00162A8367E5,"JuiceTV, 4.51.0 GOTV, Antik Nano 3, Menara Astra Bank Permata lt. 3",11,00:16:2a:83:67:e5,Menara Astra Bank Permata lt. 3
39,ATK00162A8368D8,"JuiceTV, 4.51.0 GOTV, Antik Nano 3, IBS P. Bidadari | Cottage Tjondet 8",Provisioning,00:16:2a:83:68:d8,IBS P. Bidadari | Cottage Tjondet 8
24,ATK00162A842C2F,"JuiceTV, 4.51.0 GOTV, Antik Nano 3, Interlink |Farhan H3/12a",GOTV-Basic Lokal & International,00:16:2a:84:2c:2f,Interlink |Farhan H3/12a
23,ATK00162A842CC2,"JuiceTV, 4.51.0 GOTV, Antik Nano 3, Interlink | Adi E16/6",GOTV-Basic Lokal & International,00:16:2a:84:2c:c2,Interlink | Adi E16/6
22,ATK00162A842C76,"JuiceTV, 4.51.0 GOTV, Antik Nano 3, Interlink|Maulana H11/3",GOTV-Basic Lokal & International,00:16:2a:84:2c:76,Interlink|Maulana H11/3
28,ATK00162A8367E6,"JuiceTV, 4.51.0 GOTV, Antik Nano 3, Stock stb from ibs ancol",GOTV-Basic Lokal & International,00:16:2a:83:67:e6,Stock stb from ibs ancol
21,ATK00162A842CBC,"JuiceTV, 4.51.0 GOTV, Antik Nano 3, Interlink |Solihin H2/23",GOTV-Basic Lokal & International,00:16:2a:84:2c:bc,Interlink |Solihin H2/23
36,ATK00162A83648E,"JuiceTV, 4.51.0 GOTV, Antik Nano 3, IBS P. Bidadari | Cottage Senayan 38-1",Provisioning,00:16:2a:83:64:8e,IBS P. Bidadari | Cottage Senayan 38-1
32,ATK00162A83648C,"JuiceTV, 4.51.0 GOTV, Antik Nano 3, IBS P. Bidadari | Cottage Senayan 38-3",Provisioning,00:16:2a:83:64:8c,IBS P. Bidadari | Cottage Senayan 38-3
19,ATK00162A842C77,"JuiceTV, 4.51.0 GOTV, Antik Nano 3, Interlink|Riki H1/19",GOTV-Basic Lokal & International,00:16:2a:84:2c:77,Interlink|Riki H1/19
17,ATK00162A842C90,"JuiceTV, 4.51.0 GOTV, Antik Nano 3, Interlink|Maulana H2/22",GOTV-Basic Lokal & International,00:16:2a:84:2c:90,Interlink|Maulana H2/22
27,ATK00162A8364D3,"JuiceTV, 4.51.0 GOTV, Antik Nano 3, IBS P. Bidadari",Provisioning,00:16:2a:83:64:d3,IBS P. Bidadari
15,ATK00162A842DF9,"JuiceTV, 4.51.0 GOTV, Antik Nano 3, Interlink|Fani H2/8",GOTV-Basic Lokal & International,00:16:2a:84:2d:f9,Interlink|Fani H2/8
18,ATK00162A842CA4,"JuiceTV, 4.51.0 GOTV, Antik Nano 3, Interlink Cyber",GOTV-Basic Lokal & International,00:16:2a:84:2c:a4,Interlink Cyber
14,ATK00162A842C8E,"JuiceTV, 4.51.0 GOTV, Antik Nano 3, Interlink|Ahmad H2/26",GOTV-Basic Lokal & International,00:16:2a:84:2c:8e,Interlink|Ahmad H2/26
20,ATK00162A842CB1,"JuiceTV, 4.51.0 GOTV, Antik Nano 3, Interlink | Candra H1/14",GOTV-Basic Lokal & International,00:16:2a:84:2c:b1,Interlink | Candra H1/14
11,ATK00162A842DA2,"JuiceTV, 4.51.0 GOTV, Antik Nano 3, Interlink|Andi G3/11",GOTV-Basic Lokal & International,00:16:2a:84:2d:a2,Interlink|Andi G3/11
25,ATK00162A842C6F,"JuiceTV, 4.51.0 GOTV, Antik Nano 3, Interlink|Fadila H4/8",GOTV-Basic Lokal & International,00:16:2a:84:2c:6f,Interlink|Fadila H4/8
13,ATK00162A842DEA,"JuiceTV, 4.51.0 GOTV, Antik Nano 3, Interlink|Guruh E16/9",GOTV-Basic Lokal & International,00:16:2a:84:2d:ea,Interlink|Guruh E16/9
12,ATK00162A842DE5,"JuiceTV, 4.51.0 GOTV, Antik Nano 3, Interlink|Wahyu G6/10",GOTV-Basic Lokal & International,00:16:2a:84:2d:e5,Interlink|Wahyu G6/10
7,ATK00162A842DFC,"JuiceTV, 4.51.0 GOTV, Antik Nano 3, Interlink Cyber",GOTV-Basic Lokal & International,00:16:2a:84:2d:fc,Interlink Cyber
8,ATK00162A842D14,"JuiceTV, 4.51.0 GOTV, Antik Nano 3, Interlink | Faouzi H4/3",GOTV-Basic Lokal & International,00:16:2a:84:2d:14,Interlink | Faouzi H4/3
9,ATK00162A842DEE,"JuiceTV, 4.51.0 GOTV, Antik Nano 3, Interlink Cyber",GOTV-Basic Lokal & International,00:16:2a:84:2d:ee,Interlink Cyber
16,ATK00162A842DE6,"JuiceTV, 4.51.0 GOTV, Antik Nano 3, Interlink|Yuni G4/9",GOTV-Basic Lokal & International,00:16:2a:84:2d:e6,Interlink|Yuni G4/9
5,ATK00162A842DED,"JuiceTV, 4.51.0 GOTV, Antik Nano 3, Interlink|Rama H2/37",GOTV-Basic Lokal & International,00:16:2a:84:2d:ed,Interlink|Rama H2/37
6,ATK00162A842E05,"JuiceTV, 4.51.0 GOTV, Antik Nano 3, Interlink|Radit H2/48",GOTV-Basic Lokal & International,00:16:2a:84:2e:05,Interlink|Radit H2/48
2,ATK00162A842D2D,"JuiceTV, 4.51.0 GOTV, Antik Nano 3, Interlink|Nurmansyah H4/10",GOTV-Basic Lokal & International,00:16:2a:84:2d:2d,Interlink|Nurmansyah H4/10
10,ATK00162A842D00,"JuiceTV, 4.51.0 GOTV, Antik Nano 3, Interlink |Taufik Ismail H3/2",GOTV-Basic Lokal & International,00:16:2a:84:2d:00,Interlink |Taufik Ismail H3/2
1,ATK00162A842D16,"JuiceTV, 4.51.0 GOTV, Antik Nano 3, Interlink|Akbar G6/3",GOTV-Basic Lokal & International,00:16:2a:84:2d:16,Interlink|Akbar G6/3
3,ATK00162A842DE2,"JuiceTV, 4.51.0 GOTV, Antik Nano 3, Interlink|Suwandi H2/38",GOTV-Basic Lokal & International,00:16:2a:84:2d:e2,Interlink|Suwandi H2/38
4,ATK00162A842D1E,"JuiceTV, 4.51.0 GOTV, Antik Nano 3, Interlink | Filos H2-27",GOTV-Basic Lokal & International,00:16:2a:84:2d:1e,Interlink | Filos H2-27
450,ATK00162A842D96,"JuiceTV, 4.51.0 GOTV, Antik Nano 3, Gasnet Amarta Jogja",Provisioning,00:16:2a:84:2d:96,Gasnet Amarta Jogja
452,ATK00162A842D94,"JuiceTV, 4.51.0 GOTV, Antik Nano 3, Gasnet Amarta Jogja",Provisioning,00:16:2a:84:2d:94,Gasnet Amarta Jogja
454,ATK00162A842DD3,"JuiceTV, 4.51.0 GOTV, Antik Nano 3, Gastra Jakarta",GOTV-Basic Lokal & International,00:16:2a:84:2d:d3,Gastra Jakarta
455,ATK00162A842C3F,"JuiceTV, 4.51.0 GOTV, Antik Nano 3, HTS | Iin Suharyono",GOTV-Basic Lokal & International,00:16:2a:84:2c:3f,HTS | Iin Suharyono
457,ATK00162A842C3D,"JuiceTV, 4.51.0 GOTV, Antik Nano 3, Stock Gotv",GOTV-Basic Lokal & International,00:16:2a:84:2c:3d,Stock Gotv
453,ATK00162A842DD9,"JuiceTV, 4.51.0 GOTV, Antik Nano 3, Gasnet Amarta Jogja",Provisioning,00:16:2a:84:2d:d9,Gasnet Amarta Jogja
473,ATK00162A842C44,"JuiceTV, 4.51.0 GOTV, Antik Nano 3, Monitoring Lobi Lt. 21",Sunvone Monitoring,00:16:2a:84:2c:44,Monitoring Lobi Lt. 21
456,ATK00162A842D47,"JuiceTV, 4.51.0 GOTV, Antik Nano 3, Gastra Jakarta",GOTV-Basic Lokal & International,00:16:2a:84:2d:47,Gastra Jakarta
470,ATK00162A842C41,"JuiceTV, 4.51.0 GOTV, Antik Nano 3, Monitoring | Dikdo",Sunvone Monitoring,00:16:2a:84:2c:41,Monitoring | Dikdo
469,ATK00162A840024,"JuiceTV, 4.51.0 GOTV, Antik Nano 3, COP APL |Anlipo Lobby",GOTV-Basic Lokal & International,00:16:2a:84:00:24,COP APL |Anlipo Lobby
471,ATK00162A842C3E,"JuiceTV, 4.51.0 GOTV, Antik Nano 3, Nusanet Jakarta",GOTV-Basic Lokal & International,00:16:2a:84:2c:3e,Nusanet Jakarta
499,ATK00162A842DDF,"JuiceTV, 4.51.0 GOTV, Antik Nano 3, Gasnet Amarta Jogja",Provisioning,00:16:2a:84:2d:df,Gasnet Amarta Jogja
451,ATK00162A842DDE,"JuiceTV, 4.51.0 GOTV, Antik Nano 3, Gasnet Amarta Jogja",Provisioning,00:16:2a:84:2d:de,Gasnet Amarta Jogja
472,ATK00162A842C42,"JuiceTV, 4.51.0 GOTV, Antik Nano 3, COP APL|Anlipo R.Direktur",GOTV-Basic Lokal & International,00:16:2a:84:2c:42,COP APL|Anlipo R.Direktur
498,ATK00162A842D99,"JuiceTV, 4.51.0 GOTV, Antik Nano 3, Gasnet Amarta Jogja",Provisioning,00:16:2a:84:2d:99,Gasnet Amarta Jogja
497,ATK00162A842DE0,"JuiceTV, 4.51.0 GOTV, Antik Nano 3, Gasnet Amarta Jogja",Provisioning,00:16:2a:84:2d:e0,Gasnet Amarta Jogja
521,ATK00162A8400C1,"JuiceTV, 4.51.0 GOTV, Antik Nano 3, Menara Astra-Wisma Nusantara Regas lt.19",11,00:16:2a:84:00:c1,Menara Astra-Wisma Nusantara Regas lt.19
475,ATK00162A842C75,"JuiceTV, 4.51.0 GOTV, Antik Nano 3, Interlink|Ayu F13/27",GOTV-Basic Lokal & International,00:16:2a:84:2c:75,Interlink|Ayu F13/27
520,ATK00162A840128,"JuiceTV, 4.51.0 GOTV, Antik Nano 3, Menara Astra-Wisma Nusantara Regas lt.19",11,00:16:2a:84:01:28,Menara Astra-Wisma Nusantara Regas lt.19
519,ATK00162A840129,"JuiceTV, 4.51.0 GOTV, Antik Nano 3, Menara Astra Wisma Nusantara MRT OM",11,00:16:2a:84:01:29,Menara Astra Wisma Nusantara MRT OM
524,ATK00162A8407AC,"JuiceTV, 4.51.0 GOTV, Antik Nano 3, Gasnet Urbano 12/15",Provisioning,00:16:2a:84:07:ac,Gasnet Urbano 12/15
522,ATK00162A840131,"JuiceTV, 4.51.0 GOTV, Antik Nano 3, WNI- Regas Pantry",12,00:16:2a:84:01:31,WNI- Regas Pantry
518,ATK00162A84012C,"JuiceTV, 4.51.0 GOTV, Antik Nano 3, Menara Astra Wisma Nusantara Finance Dir MRT",11,00:16:2a:84:01:2c,Menara Astra Wisma Nusantara Finance Dir MRT
474,ATK00162A842C4B,"JuiceTV, 4.51.0 GOTV, Antik Nano 3, Nusanet Jakarta",GOTV-Basic Lokal & International,00:16:2a:84:2c:4b,Nusanet Jakarta
514,ATK00162A84077D,"JuiceTV, 4.51.0 GOTV, Antik Nano 3, Menara Astra Wisma Nusantara Presdir Badak",11,00:16:2a:84:07:7d,Menara Astra Wisma Nusantara Presdir Badak
513,ATK00162A84078C,"JuiceTV, 4.51.0 GOTV, Antik Nano 3, Menara Astra Wisma Nusantara Badak Pantry lt.9",11,00:16:2a:84:07:8c,Menara Astra Wisma Nusantara Badak Pantry lt.9
515,ATK00162A84070B,"JuiceTV, 4.51.0 GOTV, Antik Nano 3, WNI HTS Ady Ridwan",12,00:16:2a:84:07:0b,WNI HTS Ady Ridwan
516,ATK00162A84078D,"JuiceTV, 4.51.0 GOTV, Antik Nano 3",Anonymous ATK00162A84078D,00:16:2a:84:07:8d,
512,ATK00162A842D3A,"JuiceTV, 4.51.0 GOTV, Antik Nano 3, Menara Astra Wisma Nusantara Dir Kons MRT",11,00:16:2a:84:2d:3a,Menara Astra Wisma Nusantara Dir Kons MRT
517,ATK00162A840789,"JuiceTV, 4.51.0 GOTV, Antik Nano 3, COP-PS lt 15 pt karya buana buton",GOTV-Basic Lokal & International,00:16:2a:84:07:89,COP-PS lt 15 pt karya buana buton
510,ATK00162A842D38,"JuiceTV, 4.51.0 GOTV, Antik Nano 3, Menara Astra Wisma Nusantara pres Dir MRT",11,00:16:2a:84:2d:38,Menara Astra Wisma Nusantara pres Dir MRT
511,ATK00162A842CF9,"JuiceTV, 4.51.0 GOTV, Antik Nano 3, WNI HTS Kristiani",12,00:16:2a:84:2c:f9,WNI HTS Kristiani
509,ATK00162A842D24,"JuiceTV, 4.51.0 GOTV, Antik Nano 3, Menara Astra Wisma Nusantara BusDev MRT",11,00:16:2a:84:2d:24,Menara Astra Wisma Nusantara BusDev MRT
507,ATK00162A842BA8,"JuiceTV, 4.51.0 GOTV, Antik Nano 3, WNI-Nusantara Regas Lt.19-Pantri",12,00:16:2a:84:2b:a8,WNI-Nusantara Regas Lt.19-Pantri
506,ATK00162A842BA6,"JuiceTV, 4.51.0 GOTV, Antik Nano 3, Menara Astra Wisma Nusantara Regas Lt.19",11,00:16:2a:84:2b:a6,Menara Astra Wisma Nusantara Regas Lt.19
523,ATK00162A8407BB,"JuiceTV, 4.51.0 GOTV, Antik Nano 3, Gasnet Urbano 12/19",Provisioning,00:16:2a:84:07:bb,Gasnet Urbano 12/19
502,ATK00162A842BA7,"JuiceTV, 4.51.0 GOTV, Antik Nano 3, Nusanet Jakarta",GOTV-Basic Lokal & International,00:16:2a:84:2b:a7,Nusanet Jakarta
505,ATK00162A842BA5,"JuiceTV, 4.51.0 GOTV, Antik Nano 3, Nusanet",GOTV-Basic Lokal & International,00:16:2a:84:2b:a5,Nusanet
500,ATK00162A8403BA,"JuiceTV, 4.51.0 GOTV, Antik Nano 3, TIS Demo",GOTV-Basic Lokal & International,00:16:2a:84:03:ba,TIS Demo
503,ATK00162A8403B9,"JuiceTV, 4.51.0 GOTV, Antik Nano 3, Menara Astra Skyline",11,00:16:2a:84:03:b9,Menara Astra Skyline
496,ATK00162A842D98,"JuiceTV, 4.51.0 GOTV, Antik Nano 3, Gasnet Amarta Jogja",Provisioning,00:16:2a:84:2d:98,Gasnet Amarta Jogja
504,ATK00162A842BA4,"JuiceTV, 4.51.0 GOTV, Antik Nano 3, Menara Astra Skyline",11,00:16:2a:84:2b:a4,Menara Astra Skyline
495,ATK00162A842DE1,"JuiceTV, 4.51.0 GOTV, Antik Nano 3, Gasnet Amarta Jogja",Provisioning,00:16:2a:84:2d:e1,Gasnet Amarta Jogja
490,ATK00162A842CAC,"JuiceTV, 4.51.0 GOTV, Antik Nano 3, Gasnet Amarta Jogja",Provisioning,00:16:2a:84:2c:ac,Gasnet Amarta Jogja
494,ATK00162A842D84,"JuiceTV, 4.51.0 GOTV, Antik Nano 3, Gasnet Amarta Jogja",Provisioning,00:16:2a:84:2d:84,Gasnet Amarta Jogja
488,ATK00162A842C9D,"JuiceTV, 4.51.0 GOTV, Antik Nano 3, Gasnet Amarta Jogja",Provisioning,00:16:2a:84:2c:9d,Gasnet Amarta Jogja
489,ATK00162A842D10,"JuiceTV, 4.51.0 GOTV, Antik Nano 3, COP-Jamsostek pt. practise consulting 1",GOTV-Basic Lokal & International,00:16:2a:84:2d:10,COP-Jamsostek pt. practise consulting 1
487,ATK00162A842CC1,"JuiceTV, 4.51.0 GOTV, Antik Nano 3, Menara Astra ip one rubina",11,00:16:2a:84:2c:c1,Menara Astra ip one rubina
493,ATK00162A842CAE,"JuiceTV, 4.51.0 GOTV, Antik Nano 3, Gasnet Amarta Jogja",Provisioning,00:16:2a:84:2c:ae,Gasnet Amarta Jogja
491,ATK00162A842D08,"JuiceTV, 4.51.0 GOTV, Antik Nano 3, WNI HTS | Wiwi Winarti",12,00:16:2a:84:2d:08,WNI HTS | Wiwi Winarti
508,ATK00162A842D3C,"JuiceTV, 4.51.0 GOTV, Antik Nano 3, Menara Astra Wisma Nusantara  lobi MRT",11,00:16:2a:84:2d:3c,Menara Astra Wisma Nusantara  lobi MRT
484,ATK00162A842E29,"JuiceTV, 4.51.0 GOTV, Antik Nano 3, Interlink| Ari H6/7",GOTV-Basic Lokal & International,00:16:2a:84:2e:29,Interlink| Ari H6/7
485,ATK00162A840389,"JuiceTV, 4.51.0 GOTV, Antik Nano 3, Interlink Demo",Provisioning,00:16:2a:84:03:89,Interlink Demo
501,ATK00162A8402DB,"JuiceTV, 4.51.0 GOTV, Antik Nano 3, WNI HTS Triyoso",12,00:16:2a:84:02:db,WNI HTS Triyoso
479,ATK00162A842C93,"JuiceTV, 4.51.0 GOTV, Antik Nano 3, Interlink|Anas H5/7",GOTV-Basic Lokal & International,00:16:2a:84:2c:93,Interlink|Anas H5/7
480,ATK00162A842E37,"JuiceTV, 4.51.0 GOTV, Antik Nano 3, Interlink| Damianus H4/32",GOTV-Basic Lokal & International,00:16:2a:84:2e:37,Interlink| Damianus H4/32
483,ATK00162A842E17,"JuiceTV, 4.51.0 GOTV, Antik Nano 3, Interlink|Distira H5/8",GOTV-Basic Lokal & International,00:16:2a:84:2e:17,Interlink|Distira H5/8
486,ATK00162A842D0C,"JuiceTV, 4.51.0 GOTV, Antik Nano 3, COP-Jamsostek pt. practise consulting 2",GOTV-Basic Lokal & International,00:16:2a:84:2d:0c,COP-Jamsostek pt. practise consulting 2
482,ATK00162A842E11,"JuiceTV, 4.51.0 GOTV, Antik Nano 3, Interlink| Eko H5/20",GOTV-Basic Lokal & International,00:16:2a:84:2e:11,Interlink| Eko H5/20
476,ATK00162A842C70,"JuiceTV, 4.51.0 GOTV, Antik Nano 3, Interlink|Roni E16/8",GOTV-Basic Lokal & International,00:16:2a:84:2c:70,Interlink|Roni E16/8
492,ATK00162A842CEA,"JuiceTV, 4.51.0 GOTV, Antik Nano 3, COP-Jamsostek pt. practise consulting 3",GOTV-Basic Lokal & International,00:16:2a:84:2c:ea,COP-Jamsostek pt. practise consulting 3
481,ATK00162A842E45,"JuiceTV, 4.51.0 GOTV, Antik Nano 3, Interlink |Toro H5/21",GOTV-Basic Lokal & International,00:16:2a:84:2e:45,Interlink |Toro H5/21
467,ATK00162A840023,"JuiceTV, 4.51.0 GOTV, Antik Nano 3, COP K-Link| PT. MASS Lt.10",GOTV-Basic Lokal & International,00:16:2a:84:00:23,COP K-Link| PT. MASS Lt.10
465,ATK00162A84003D,"JuiceTV, 4.51.0 GOTV, Antik Nano 3, COP K-Link| PT. Alere",GOTV-Basic Lokal & International,00:16:2a:84:00:3d,COP K-Link| PT. Alere
463,ATK00162A842C72,"JuiceTV, 4.51.0 GOTV, Antik Nano 3, Gastra Jakarta",GOTV-Basic Lokal & International,00:16:2a:84:2c:72,Gastra Jakarta
461,ATK00162A842D75,"JuiceTV, 4.51.0 GOTV, Antik Nano 3, Gastra Jakarta",GOTV-Basic Lokal & International,00:16:2a:84:2d:75,Gastra Jakarta
477,ATK00162A842C49,"JuiceTV, 4.51.0 GOTV, Antik Nano 3, Interlink|Anto H6/5",GOTV-Basic Lokal & International,00:16:2a:84:2c:49,Interlink|Anto H6/5
468,ATK00162A840008,"JuiceTV, 4.51.0 GOTV, Antik Nano 3, COP K-Link| PT. Dana Wibawa",GOTV-Basic Lokal & International,00:16:2a:84:00:08,COP K-Link| PT. Dana Wibawa
459,ATK00162A842DD8,"JuiceTV, 4.51.0 GOTV, Antik Nano 3, Gastra Jakarta",GOTV-Basic Lokal & International,00:16:2a:84:2d:d8,Gastra Jakarta
466,ATK00162A840021,"JuiceTV, 4.51.0 GOTV, Antik Nano 3, COP K-Link| PT. Mediva",GOTV-Basic Lokal & International,00:16:2a:84:00:21,COP K-Link| PT. Mediva
462,ATK00162A842C40,"JuiceTV, 4.51.0 GOTV, Antik Nano 3, HTS Aditya Prayoga",12,00:16:2a:84:2c:40,HTS Aditya Prayoga
464,ATK00162A8403AE,"JuiceTV, 4.51.0 GOTV, Antik Nano 3",5,00:16:2a:84:03:ae,
478,ATK00162A842C8F,"JuiceTV, 4.51.0 GOTV, Antik Nano 3, Interlink|Agung G1/22",GOTV-Basic Lokal & International,00:16:2a:84:2c:8f,Interlink|Agung G1/22
458,ATK00162A842C2B,"JuiceTV, 4.51.0 GOTV, Antik Nano 3, Gasnet Amarta Jogja",Provisioning,00:16:2a:84:2c:2b,Gasnet Amarta Jogja
460,ATK00162A842C32,"JuiceTV, 4.51.0 GOTV, Antik Nano 3, Gasnet Amarta Jogja",Provisioning,00:16:2a:84:2c:32,Gasnet Amarta Jogja
